cohort_not_russia,purchase_date,user_id
01.02.2020,01.02.2020,367845
01.02.2020,01.02.2020,367845
01.02.2020,01.02.2020,367845
01.02.2020,01.02.2020,501780
01.02.2020,01.02.2020,367845
01.02.2020,01.02.2020,367845
01.02.2020,01.02.2020,367845
01.02.2020,01.02.2020,367845
01.02.2020,01.02.2020,367845
01.02.2020,01.02.2020,549329
01.02.2020,01.02.2020,549329
01.02.2020,01.02.2020,367845
01.02.2020,01.02.2020,367845
01.02.2020,01.02.2020,367845
01.02.2020,01.02.2020,367845
01.02.2020,01.02.2020,367845
01.02.2020,01.02.2020,367845
01.02.2020,01.02.2020,367845
01.02.2020,01.02.2020,367845
01.02.2020,01.02.2020,367845
01.02.2020,01.02.2020,367845
01.02.2020,01.02.2020,367845
01.02.2020,01.02.2020,367845
01.02.2020,01.02.2020,367845
01.02.2020,01.02.2020,367845
01.02.2020,01.02.2020,367845
01.02.2020,01.02.2020,620862
01.02.2020,01.02.2020,367845
01.02.2020,01.02.2020,367845
01.02.2020,01.02.2020,367845
01.02.2020,01.02.2020,367845
01.02.2020,01.02.2020,549329
01.02.2020,01.02.2020,367845
01.02.2020,01.02.2020,549329
01.02.2020,01.02.2020,367845
01.02.2020,01.02.2020,367845
01.02.2020,01.02.2020,367845
01.02.2020,01.02.2020,367845
01.02.2020,01.02.2020,367845
01.02.2020,01.02.2020,367845
01.02.2020,01.02.2020,367845
01.02.2020,01.02.2020,367845
01.02.2020,01.02.2020,367845
01.02.2020,01.02.2020,367845
01.02.2020,01.02.2020,367845
01.02.2020,01.02.2020,367845
01.02.2020,01.02.2020,367845
01.02.2020,01.02.2020,367845
01.02.2020,01.02.2020,171737
01.02.2020,01.02.2020,367845
01.02.2020,01.02.2020,549329
01.02.2020,01.02.2020,171737
01.02.2020,01.02.2020,367845
01.02.2020,01.02.2020,367845
01.02.2020,01.02.2020,367845
01.02.2020,01.02.2020,171737
01.02.2020,01.02.2020,367845
01.02.2020,01.02.2020,367845
01.02.2020,01.02.2020,171737
01.02.2020,01.02.2020,549329
01.02.2020,01.02.2020,367845
01.02.2020,01.02.2020,367845
01.02.2020,01.02.2020,367845
01.02.2020,01.02.2020,367845
01.02.2020,01.02.2020,549329
01.02.2020,01.02.2020,367845
01.02.2020,01.02.2020,367845
01.02.2020,01.02.2020,367845
01.02.2020,01.02.2020,367845
01.02.2020,01.02.2020,367845
01.02.2020,01.02.2020,367845
01.02.2020,01.02.2020,367845
01.02.2020,01.02.2020,633426
01.02.2020,01.02.2020,367845
01.02.2020,01.02.2020,549329
01.02.2020,01.02.2020,367845
01.02.2020,01.02.2020,633363
01.02.2020,01.02.2020,367845
01.02.2020,01.02.2020,566096
01.02.2020,01.02.2020,367845
01.02.2020,01.02.2020,367845
01.02.2020,01.02.2020,367845
01.02.2020,01.02.2020,367845
01.02.2020,01.02.2020,367845
01.02.2020,01.02.2020,367845
01.02.2020,01.02.2020,367845
01.02.2020,01.02.2020,518749
01.02.2020,01.02.2020,367845
01.02.2020,01.02.2020,367845
01.02.2020,01.02.2020,367845
01.02.2020,01.02.2020,549329
01.02.2020,01.02.2020,367845
01.02.2020,01.02.2020,367845
01.02.2020,01.02.2020,367845
01.02.2020,01.02.2020,367845
01.02.2020,01.02.2020,549329
01.02.2020,01.02.2020,600663
01.02.2020,01.02.2020,367845
01.02.2020,01.02.2020,367845
01.02.2020,01.03.2020,367845
01.02.2020,01.03.2020,367845
01.02.2020,01.03.2020,367845
01.02.2020,01.03.2020,367845
01.02.2020,01.03.2020,367845
01.02.2020,01.03.2020,367845
01.02.2020,01.03.2020,367845
01.02.2020,01.03.2020,367845
01.02.2020,01.03.2020,367845
01.02.2020,01.03.2020,367845
01.02.2020,01.03.2020,367845
01.02.2020,01.03.2020,367845
01.02.2020,01.03.2020,367845
01.02.2020,01.03.2020,367845
01.02.2020,01.03.2020,367845
01.02.2020,01.03.2020,367845
01.02.2020,01.03.2020,367845
01.02.2020,01.03.2020,367845
01.02.2020,01.03.2020,367845
01.02.2020,01.03.2020,367845
01.02.2020,01.03.2020,367845
01.02.2020,01.03.2020,367845
01.02.2020,01.03.2020,367845
01.02.2020,01.03.2020,367845
01.02.2020,01.03.2020,367845
01.02.2020,01.03.2020,367845
01.02.2020,01.03.2020,367845
01.02.2020,01.03.2020,367845
01.02.2020,01.03.2020,367845
01.02.2020,01.03.2020,367845
01.02.2020,01.03.2020,367845
01.02.2020,01.03.2020,367845
01.02.2020,01.03.2020,367845
01.02.2020,01.03.2020,367845
01.02.2020,01.03.2020,367845
01.02.2020,01.03.2020,367845
01.02.2020,01.03.2020,367845
01.02.2020,01.03.2020,367845
01.02.2020,01.03.2020,367845
01.02.2020,01.03.2020,367845
01.02.2020,01.03.2020,367845
01.02.2020,01.03.2020,367845
01.02.2020,01.03.2020,367845
01.02.2020,01.03.2020,367845
01.02.2020,01.03.2020,367845
01.02.2020,01.03.2020,367845
01.02.2020,01.03.2020,367845
01.02.2020,01.03.2020,367845
01.02.2020,01.03.2020,367845
01.02.2020,01.03.2020,367845
01.02.2020,01.03.2020,367845
01.02.2020,01.03.2020,367845
01.02.2020,01.03.2020,367845
01.02.2020,01.03.2020,367845
01.02.2020,01.03.2020,367845
01.02.2020,01.03.2020,367845
01.02.2020,01.03.2020,367845
01.02.2020,01.03.2020,367845
01.02.2020,01.03.2020,367845
01.02.2020,01.03.2020,367845
01.02.2020,01.03.2020,367845
01.02.2020,01.03.2020,367845
01.02.2020,01.03.2020,367845
01.02.2020,01.03.2020,367845
01.02.2020,01.03.2020,367845
01.02.2020,01.03.2020,367845
01.02.2020,01.03.2020,367845
01.02.2020,01.03.2020,367845
01.02.2020,01.03.2020,367845
01.02.2020,01.03.2020,367845
01.02.2020,01.03.2020,367845
01.02.2020,01.03.2020,367845
01.02.2020,01.03.2020,367845
01.02.2020,01.03.2020,367845
01.02.2020,01.03.2020,367845
01.02.2020,01.03.2020,367845
01.02.2020,01.03.2020,367845
01.02.2020,01.03.2020,367845
01.02.2020,01.04.2020,549329
01.02.2020,01.04.2020,549329
01.02.2020,01.04.2020,549329
01.02.2020,01.04.2020,549329
01.02.2020,01.04.2020,549329
01.02.2020,01.04.2020,549329
01.02.2020,01.04.2020,549329
01.02.2020,01.04.2020,549329
01.02.2020,01.04.2020,549329
01.02.2020,01.04.2020,549329
01.02.2020,01.05.2020,549329
01.02.2020,01.05.2020,367845
01.02.2020,01.05.2020,549329
01.02.2020,01.05.2020,367845
01.02.2020,01.05.2020,367845
01.02.2020,01.05.2020,367845
01.02.2020,01.05.2020,367845
01.02.2020,01.05.2020,549329
01.02.2020,01.05.2020,171737
01.02.2020,01.05.2020,171737
01.02.2020,01.05.2020,171737
01.02.2020,01.05.2020,549329
01.02.2020,01.05.2020,367845
01.02.2020,01.05.2020,171737
01.02.2020,01.05.2020,549329
01.02.2020,01.05.2020,367845
01.02.2020,01.05.2020,367845
01.02.2020,01.05.2020,367845
01.02.2020,01.05.2020,367845
01.02.2020,01.05.2020,367845
01.02.2020,01.05.2020,367845
01.02.2020,01.05.2020,367845
01.02.2020,01.06.2020,171737
01.02.2020,01.06.2020,171737
01.02.2020,01.06.2020,171737
01.02.2020,01.06.2020,171737
01.02.2020,01.06.2020,171737
01.02.2020,01.06.2020,171737
01.02.2020,01.06.2020,171737
01.02.2020,01.06.2020,171737
01.03.2020,01.03.2020,266214
01.03.2020,01.03.2020,413046
01.03.2020,01.03.2020,229465
01.03.2020,01.03.2020,465977
01.03.2020,01.03.2020,256414
01.03.2020,01.03.2020,281474
01.03.2020,01.03.2020,410873
01.03.2020,01.03.2020,256414
01.03.2020,01.03.2020,266214
01.03.2020,01.03.2020,281474
01.03.2020,01.03.2020,437284
01.03.2020,01.03.2020,281474
01.03.2020,01.03.2020,281474
01.03.2020,01.03.2020,431976
01.03.2020,01.03.2020,173180
01.03.2020,01.03.2020,281474
01.03.2020,01.03.2020,281474
01.03.2020,01.03.2020,418950
01.03.2020,01.03.2020,281474
01.03.2020,01.03.2020,114925
01.03.2020,01.03.2020,173180
01.03.2020,01.03.2020,431976
01.03.2020,01.03.2020,286108
01.03.2020,01.03.2020,281474
01.03.2020,01.03.2020,286108
01.03.2020,01.03.2020,281474
01.03.2020,01.03.2020,392950
01.03.2020,01.03.2020,414464
01.03.2020,01.03.2020,403833
01.03.2020,01.03.2020,410873
01.03.2020,01.03.2020,281474
01.03.2020,01.03.2020,256414
01.03.2020,01.03.2020,281474
01.03.2020,01.03.2020,414464
01.03.2020,01.03.2020,410873
01.03.2020,01.03.2020,256414
01.03.2020,01.03.2020,256414
01.03.2020,01.03.2020,410873
01.03.2020,01.03.2020,256414
01.03.2020,01.03.2020,397520
01.03.2020,01.03.2020,410873
01.03.2020,01.03.2020,114925
01.03.2020,01.03.2020,281474
01.03.2020,01.03.2020,256414
01.03.2020,01.03.2020,431976
01.03.2020,01.03.2020,114925
01.03.2020,01.03.2020,55952
01.03.2020,01.03.2020,281474
01.03.2020,01.03.2020,114925
01.03.2020,01.03.2020,281474
01.03.2020,01.03.2020,256414
01.03.2020,01.03.2020,114925
01.03.2020,01.03.2020,281474
01.03.2020,01.03.2020,114925
01.03.2020,01.03.2020,281474
01.03.2020,01.03.2020,114925
01.03.2020,01.03.2020,114925
01.03.2020,01.03.2020,114925
01.03.2020,01.03.2020,256414
01.03.2020,01.03.2020,173180
01.03.2020,01.03.2020,114925
01.03.2020,01.03.2020,266214
01.03.2020,01.03.2020,215942
01.03.2020,01.03.2020,114925
01.03.2020,01.03.2020,55952
01.03.2020,01.03.2020,114925
01.03.2020,01.03.2020,256414
01.03.2020,01.04.2020,281474
01.03.2020,01.04.2020,114925
01.03.2020,01.04.2020,114925
01.03.2020,01.04.2020,114925
01.03.2020,01.04.2020,114925
01.03.2020,01.04.2020,114925
01.03.2020,01.04.2020,114925
01.03.2020,01.04.2020,114925
01.03.2020,01.04.2020,114925
01.03.2020,01.04.2020,114925
01.03.2020,01.04.2020,114925
01.03.2020,01.04.2020,114925
01.03.2020,01.04.2020,114925
01.03.2020,01.04.2020,114925
01.03.2020,01.04.2020,114925
01.03.2020,01.04.2020,114925
01.03.2020,01.04.2020,114925
01.03.2020,01.04.2020,114925
01.03.2020,01.04.2020,114925
01.03.2020,01.04.2020,281474
01.03.2020,01.04.2020,281474
01.03.2020,01.04.2020,281474
01.03.2020,01.04.2020,281474
01.03.2020,01.04.2020,281474
01.03.2020,01.04.2020,281474
01.03.2020,01.04.2020,281474
01.03.2020,01.04.2020,281474
01.03.2020,01.04.2020,281474
01.03.2020,01.04.2020,281474
01.03.2020,01.04.2020,281474
01.03.2020,01.04.2020,281474
01.03.2020,01.04.2020,281474
01.03.2020,01.04.2020,281474
01.03.2020,01.04.2020,281474
01.03.2020,01.04.2020,281474
01.03.2020,01.04.2020,281474
01.03.2020,01.04.2020,281474
01.03.2020,01.04.2020,281474
01.03.2020,01.04.2020,281474
01.03.2020,01.04.2020,281474
01.03.2020,01.04.2020,281474
01.03.2020,01.04.2020,281474
01.03.2020,01.04.2020,281474
01.03.2020,01.04.2020,281474
01.03.2020,01.04.2020,281474
01.03.2020,01.04.2020,281474
01.03.2020,01.04.2020,281474
01.03.2020,01.04.2020,281474
01.03.2020,01.04.2020,281474
01.03.2020,01.04.2020,281474
01.03.2020,01.05.2020,256414
01.03.2020,01.05.2020,256414
01.03.2020,01.05.2020,410873
01.03.2020,01.05.2020,410873
01.03.2020,01.05.2020,410873
01.03.2020,01.05.2020,114925
01.03.2020,01.05.2020,256414
01.03.2020,01.05.2020,410873
01.03.2020,01.05.2020,410873
01.03.2020,01.05.2020,173180
01.03.2020,01.05.2020,410873
01.03.2020,01.05.2020,173180
01.03.2020,01.05.2020,256414
01.03.2020,01.05.2020,173180
01.03.2020,01.05.2020,410873
01.03.2020,01.05.2020,256414
01.03.2020,01.05.2020,410873
01.03.2020,01.05.2020,114925
01.03.2020,01.05.2020,114925
01.03.2020,01.05.2020,286108
01.03.2020,01.05.2020,286108
01.03.2020,01.05.2020,410873
01.03.2020,01.05.2020,114925
01.03.2020,01.05.2020,114925
01.03.2020,01.05.2020,256414
01.03.2020,01.05.2020,256414
01.03.2020,01.05.2020,410873
01.03.2020,01.05.2020,256414
01.03.2020,01.05.2020,114925
01.03.2020,01.05.2020,256414
01.03.2020,01.05.2020,55952
01.03.2020,01.05.2020,55952
01.03.2020,01.05.2020,256414
01.03.2020,01.06.2020,281474
01.03.2020,01.06.2020,173180
01.03.2020,01.06.2020,173180
01.03.2020,01.06.2020,173180
01.03.2020,01.06.2020,281474
01.03.2020,01.06.2020,281474
01.03.2020,01.06.2020,281474
01.03.2020,01.06.2020,281474
01.03.2020,01.06.2020,281474
01.03.2020,01.06.2020,410873
01.03.2020,01.06.2020,256414
01.03.2020,01.06.2020,431976
01.03.2020,01.06.2020,431976
01.03.2020,01.06.2020,431976
01.03.2020,01.06.2020,256414
01.03.2020,01.06.2020,410873
01.03.2020,01.06.2020,431976
01.03.2020,01.06.2020,410873
01.03.2020,01.06.2020,256414
01.03.2020,01.06.2020,256414
01.03.2020,01.06.2020,410873
01.03.2020,01.06.2020,256414
01.03.2020,01.06.2020,410873
01.03.2020,01.06.2020,281474
01.03.2020,01.06.2020,431976
01.03.2020,01.06.2020,410873
01.03.2020,01.06.2020,266214
01.03.2020,01.06.2020,266214
01.03.2020,01.06.2020,266214
01.03.2020,01.06.2020,266214
01.03.2020,01.06.2020,266214
01.03.2020,01.06.2020,266214
01.03.2020,01.06.2020,410873
01.03.2020,01.06.2020,414464
01.03.2020,01.06.2020,281474
01.03.2020,01.06.2020,410873
01.03.2020,01.06.2020,281474
01.03.2020,01.06.2020,281474
01.03.2020,01.06.2020,281474
01.03.2020,01.06.2020,414464
01.03.2020,01.06.2020,281474
01.03.2020,01.06.2020,281474
01.03.2020,01.06.2020,410873
01.03.2020,01.06.2020,281474
01.03.2020,01.06.2020,281474
01.03.2020,01.06.2020,281474
01.03.2020,01.06.2020,431976
01.03.2020,01.06.2020,410873
01.04.2020,01.04.2020,46634
01.04.2020,01.04.2020,199291
01.04.2020,01.04.2020,199291
01.04.2020,01.04.2020,199291
01.04.2020,01.04.2020,199291
01.04.2020,01.04.2020,199291
01.04.2020,01.04.2020,199291
01.04.2020,01.04.2020,200303
01.04.2020,01.04.2020,200303
01.04.2020,01.04.2020,200303
01.04.2020,01.04.2020,200303
01.04.2020,01.04.2020,200303
01.04.2020,01.04.2020,200303
01.04.2020,01.04.2020,200303
01.04.2020,01.04.2020,200303
01.04.2020,01.04.2020,200303
01.04.2020,01.04.2020,200303
01.04.2020,01.04.2020,200303
01.04.2020,01.04.2020,200303
01.04.2020,01.04.2020,200303
01.04.2020,01.04.2020,200303
01.04.2020,01.04.2020,200303
01.04.2020,01.04.2020,200303
01.04.2020,01.04.2020,200303
01.04.2020,01.04.2020,200303
01.04.2020,01.04.2020,200303
01.04.2020,01.04.2020,200303
01.04.2020,01.04.2020,714860
01.04.2020,01.04.2020,714860
01.04.2020,01.04.2020,714860
01.04.2020,01.04.2020,714860
01.04.2020,01.04.2020,714860
01.04.2020,01.04.2020,714860
01.04.2020,01.04.2020,714860
01.04.2020,01.04.2020,714860
01.04.2020,01.04.2020,713383
01.04.2020,01.04.2020,713383
01.04.2020,01.04.2020,713383
01.04.2020,01.04.2020,713383
01.04.2020,01.04.2020,713383
01.04.2020,01.04.2020,713383
01.04.2020,01.04.2020,202523
01.04.2020,01.04.2020,202523
01.04.2020,01.04.2020,202523
01.04.2020,01.04.2020,202523
01.04.2020,01.04.2020,202523
01.04.2020,01.04.2020,713383
01.04.2020,01.04.2020,713383
01.04.2020,01.04.2020,31709
01.04.2020,01.04.2020,205629
01.04.2020,01.04.2020,46634
01.04.2020,01.04.2020,205629
01.04.2020,01.04.2020,206900
01.04.2020,01.04.2020,206900
01.04.2020,01.04.2020,707079
01.04.2020,01.04.2020,707079
01.04.2020,01.04.2020,707079
01.04.2020,01.04.2020,707079
01.04.2020,01.04.2020,707079
01.04.2020,01.04.2020,703228
01.04.2020,01.04.2020,703228
01.04.2020,01.04.2020,703228
01.04.2020,01.04.2020,703228
01.04.2020,01.04.2020,703228
01.04.2020,01.04.2020,703228
01.04.2020,01.04.2020,703228
01.04.2020,01.04.2020,703228
01.04.2020,01.04.2020,703228
01.04.2020,01.04.2020,703228
01.04.2020,01.04.2020,703228
01.04.2020,01.04.2020,703228
01.04.2020,01.04.2020,703228
01.04.2020,01.04.2020,703228
01.04.2020,01.04.2020,703228
01.04.2020,01.04.2020,703228
01.04.2020,01.04.2020,703228
01.04.2020,01.04.2020,703228
01.04.2020,01.04.2020,703228
01.04.2020,01.04.2020,703228
01.04.2020,01.04.2020,703228
01.04.2020,01.04.2020,703228
01.04.2020,01.04.2020,703228
01.04.2020,01.04.2020,703228
01.04.2020,01.04.2020,703228
01.04.2020,01.04.2020,703228
01.04.2020,01.04.2020,703228
01.04.2020,01.04.2020,703228
01.04.2020,01.04.2020,702745
01.04.2020,01.04.2020,702745
01.04.2020,01.04.2020,702745
01.04.2020,01.04.2020,702745
01.04.2020,01.04.2020,702745
01.04.2020,01.04.2020,699686
01.04.2020,01.04.2020,699686
01.04.2020,01.04.2020,699686
01.04.2020,01.04.2020,699686
01.04.2020,01.04.2020,699686
01.04.2020,01.04.2020,699686
01.04.2020,01.04.2020,699686
01.04.2020,01.04.2020,699686
01.04.2020,01.04.2020,699686
01.04.2020,01.04.2020,699686
01.04.2020,01.04.2020,699686
01.04.2020,01.04.2020,699686
01.04.2020,01.04.2020,699686
01.04.2020,01.04.2020,699686
01.04.2020,01.04.2020,699686
01.04.2020,01.04.2020,699686
01.04.2020,01.04.2020,699686
01.04.2020,01.04.2020,699686
01.04.2020,01.04.2020,699686
01.04.2020,01.04.2020,699686
01.04.2020,01.04.2020,699686
01.04.2020,01.04.2020,699686
01.04.2020,01.04.2020,699686
01.04.2020,01.04.2020,699686
01.04.2020,01.04.2020,699686
01.04.2020,01.04.2020,699686
01.04.2020,01.04.2020,699686
01.04.2020,01.04.2020,699686
01.04.2020,01.04.2020,202523
01.04.2020,01.04.2020,423026
01.04.2020,01.04.2020,46634
01.04.2020,01.04.2020,423026
01.04.2020,01.04.2020,46634
01.04.2020,01.04.2020,423026
01.04.2020,01.04.2020,46634
01.04.2020,01.04.2020,423026
01.04.2020,01.04.2020,424913
01.04.2020,01.04.2020,424913
01.04.2020,01.04.2020,699686
01.04.2020,01.04.2020,699686
01.04.2020,01.04.2020,699686
01.04.2020,01.04.2020,699686
01.04.2020,01.04.2020,699686
01.04.2020,01.04.2020,699686
01.04.2020,01.04.2020,699686
01.04.2020,01.04.2020,699686
01.04.2020,01.04.2020,46634
01.04.2020,01.04.2020,460736
01.04.2020,01.04.2020,460736
01.04.2020,01.04.2020,472067
01.04.2020,01.04.2020,472067
01.04.2020,01.04.2020,699686
01.04.2020,01.04.2020,699686
01.04.2020,01.04.2020,699686
01.04.2020,01.04.2020,699686
01.04.2020,01.04.2020,699686
01.04.2020,01.04.2020,699686
01.04.2020,01.04.2020,699686
01.04.2020,01.04.2020,699686
01.04.2020,01.04.2020,507573
01.04.2020,01.04.2020,528723
01.04.2020,01.04.2020,699686
01.04.2020,01.04.2020,699686
01.04.2020,01.04.2020,699686
01.04.2020,01.04.2020,699686
01.04.2020,01.04.2020,699686
01.04.2020,01.04.2020,610635
01.04.2020,01.04.2020,699686
01.04.2020,01.04.2020,699686
01.04.2020,01.04.2020,699686
01.04.2020,01.04.2020,612299
01.04.2020,01.04.2020,612299
01.04.2020,01.04.2020,612299
01.04.2020,01.04.2020,612299
01.04.2020,01.04.2020,612299
01.04.2020,01.04.2020,612299
01.04.2020,01.04.2020,612299
01.04.2020,01.04.2020,612299
01.04.2020,01.04.2020,612299
01.04.2020,01.04.2020,612299
01.04.2020,01.04.2020,612299
01.04.2020,01.04.2020,612299
01.04.2020,01.04.2020,612299
01.04.2020,01.04.2020,612299
01.04.2020,01.04.2020,612299
01.04.2020,01.04.2020,612299
01.04.2020,01.04.2020,612299
01.04.2020,01.04.2020,612299
01.04.2020,01.04.2020,612299
01.04.2020,01.04.2020,612299
01.04.2020,01.04.2020,699686
01.04.2020,01.04.2020,624965
01.04.2020,01.04.2020,624965
01.04.2020,01.04.2020,624965
01.04.2020,01.04.2020,624965
01.04.2020,01.04.2020,624965
01.04.2020,01.04.2020,624965
01.04.2020,01.04.2020,699686
01.04.2020,01.04.2020,699686
01.04.2020,01.04.2020,699686
01.04.2020,01.04.2020,699686
01.04.2020,01.04.2020,699686
01.04.2020,01.04.2020,699686
01.04.2020,01.04.2020,699686
01.04.2020,01.04.2020,699686
01.04.2020,01.04.2020,699686
01.04.2020,01.04.2020,647638
01.04.2020,01.04.2020,46634
01.04.2020,01.04.2020,647638
01.04.2020,01.04.2020,699686
01.04.2020,01.04.2020,652674
01.04.2020,01.04.2020,652674
01.04.2020,01.04.2020,654539
01.04.2020,01.04.2020,699686
01.04.2020,01.04.2020,699686
01.04.2020,01.04.2020,699686
01.04.2020,01.04.2020,699686
01.04.2020,01.04.2020,686779
01.04.2020,01.04.2020,46634
01.04.2020,01.04.2020,686779
01.04.2020,01.04.2020,31709
01.04.2020,01.04.2020,686779
01.04.2020,01.04.2020,46634
01.04.2020,01.04.2020,686779
01.04.2020,01.04.2020,46634
01.04.2020,01.04.2020,686779
01.04.2020,01.04.2020,46634
01.04.2020,01.04.2020,686779
01.04.2020,01.04.2020,46634
01.04.2020,01.04.2020,686779
01.04.2020,01.04.2020,46634
01.04.2020,01.04.2020,686779
01.04.2020,01.04.2020,46634
01.04.2020,01.04.2020,699686
01.04.2020,01.04.2020,699686
01.04.2020,01.04.2020,699686
01.04.2020,01.04.2020,699686
01.04.2020,01.04.2020,699686
01.04.2020,01.04.2020,695792
01.04.2020,01.04.2020,695792
01.04.2020,01.04.2020,695792
01.04.2020,01.04.2020,695792
01.04.2020,01.04.2020,695792
01.04.2020,01.04.2020,695792
01.04.2020,01.04.2020,46634
01.04.2020,01.04.2020,695792
01.04.2020,01.04.2020,695792
01.04.2020,01.04.2020,46634
01.04.2020,01.04.2020,46634
01.04.2020,01.04.2020,46634
01.04.2020,01.04.2020,46634
01.04.2020,01.04.2020,46634
01.04.2020,01.04.2020,46634
01.04.2020,01.04.2020,46634
01.04.2020,01.04.2020,46634
01.04.2020,01.04.2020,46634
01.04.2020,01.04.2020,46634
01.04.2020,01.04.2020,46634
01.04.2020,01.04.2020,46634
01.04.2020,01.04.2020,46634
01.04.2020,01.04.2020,46634
01.04.2020,01.04.2020,31709
01.04.2020,01.04.2020,46634
01.04.2020,01.04.2020,46634
01.04.2020,01.04.2020,62915
01.04.2020,01.04.2020,46634
01.04.2020,01.04.2020,62915
01.04.2020,01.04.2020,972086
01.04.2020,01.04.2020,103734
01.04.2020,01.04.2020,46634
01.04.2020,01.04.2020,46634
01.04.2020,01.04.2020,103734
01.04.2020,01.04.2020,31709
01.04.2020,01.04.2020,46634
01.04.2020,01.04.2020,103734
01.04.2020,01.04.2020,46634
01.04.2020,01.04.2020,103734
01.04.2020,01.04.2020,46634
01.04.2020,01.04.2020,103734
01.04.2020,01.04.2020,103734
01.04.2020,01.04.2020,31709
01.04.2020,01.04.2020,103734
01.04.2020,01.04.2020,46634
01.04.2020,01.04.2020,46634
01.04.2020,01.04.2020,103734
01.04.2020,01.04.2020,46634
01.04.2020,01.04.2020,46634
01.04.2020,01.04.2020,103734
01.04.2020,01.04.2020,31709
01.04.2020,01.04.2020,46634
01.04.2020,01.04.2020,103734
01.04.2020,01.04.2020,46634
01.04.2020,01.04.2020,103734
01.04.2020,01.04.2020,46634
01.04.2020,01.04.2020,103734
01.04.2020,01.04.2020,103734
01.04.2020,01.04.2020,31709
01.04.2020,01.04.2020,103734
01.04.2020,01.04.2020,46634
01.04.2020,01.04.2020,46634
01.04.2020,01.04.2020,103734
01.04.2020,01.04.2020,46634
01.04.2020,01.04.2020,46634
01.04.2020,01.04.2020,103734
01.04.2020,01.04.2020,31709
01.04.2020,01.04.2020,46634
01.04.2020,01.04.2020,104453
01.04.2020,01.04.2020,104453
01.04.2020,01.04.2020,104763
01.04.2020,01.04.2020,104763
01.04.2020,01.04.2020,46634
01.04.2020,01.04.2020,104763
01.04.2020,01.04.2020,104763
01.04.2020,01.04.2020,104763
01.04.2020,01.04.2020,104763
01.04.2020,01.04.2020,46634
01.04.2020,01.04.2020,958424
01.04.2020,01.04.2020,958424
01.04.2020,01.04.2020,958258
01.04.2020,01.04.2020,954037
01.04.2020,01.04.2020,954037
01.04.2020,01.04.2020,106706
01.04.2020,01.04.2020,106706
01.04.2020,01.04.2020,106706
01.04.2020,01.04.2020,106706
01.04.2020,01.04.2020,108227
01.04.2020,01.04.2020,952084
01.04.2020,01.04.2020,108227
01.04.2020,01.04.2020,109000
01.04.2020,01.04.2020,111997
01.04.2020,01.04.2020,952084
01.04.2020,01.04.2020,132240
01.04.2020,01.04.2020,132240
01.04.2020,01.04.2020,132240
01.04.2020,01.04.2020,132240
01.04.2020,01.04.2020,132240
01.04.2020,01.04.2020,132240
01.04.2020,01.04.2020,132240
01.04.2020,01.04.2020,132240
01.04.2020,01.04.2020,132240
01.04.2020,01.04.2020,952084
01.04.2020,01.04.2020,952084
01.04.2020,01.04.2020,952084
01.04.2020,01.04.2020,952084
01.04.2020,01.04.2020,945143
01.04.2020,01.04.2020,163672
01.04.2020,01.04.2020,163672
01.04.2020,01.04.2020,945143
01.04.2020,01.04.2020,945143
01.04.2020,01.04.2020,945143
01.04.2020,01.04.2020,945143
01.04.2020,01.04.2020,945143
01.04.2020,01.04.2020,945143
01.04.2020,01.04.2020,945143
01.04.2020,01.04.2020,945143
01.04.2020,01.04.2020,46634
01.04.2020,01.04.2020,46634
01.04.2020,01.04.2020,165952
01.04.2020,01.04.2020,46634
01.04.2020,01.04.2020,46634
01.04.2020,01.04.2020,46634
01.04.2020,01.04.2020,165952
01.04.2020,01.04.2020,46634
01.04.2020,01.04.2020,46634
01.04.2020,01.04.2020,165952
01.04.2020,01.04.2020,32791
01.04.2020,01.04.2020,165952
01.04.2020,01.04.2020,46634
01.04.2020,01.04.2020,46634
01.04.2020,01.04.2020,46634
01.04.2020,01.04.2020,46634
01.04.2020,01.04.2020,165952
01.04.2020,01.04.2020,46634
01.04.2020,01.04.2020,46634
01.04.2020,01.04.2020,165952
01.04.2020,01.04.2020,166365
01.04.2020,01.04.2020,46634
01.04.2020,01.04.2020,166365
01.04.2020,01.04.2020,942608
01.04.2020,01.04.2020,937526
01.04.2020,01.04.2020,935151
01.04.2020,01.04.2020,930288
01.04.2020,01.04.2020,930288
01.04.2020,01.04.2020,918088
01.04.2020,01.04.2020,911831
01.04.2020,01.04.2020,172404
01.04.2020,01.04.2020,172404
01.04.2020,01.04.2020,32791
01.04.2020,01.04.2020,172404
01.04.2020,01.04.2020,172817
01.04.2020,01.04.2020,172817
01.04.2020,01.04.2020,172817
01.04.2020,01.04.2020,172817
01.04.2020,01.04.2020,172817
01.04.2020,01.04.2020,46634
01.04.2020,01.04.2020,172817
01.04.2020,01.04.2020,172817
01.04.2020,01.04.2020,172817
01.04.2020,01.04.2020,46634
01.04.2020,01.04.2020,172817
01.04.2020,01.04.2020,172817
01.04.2020,01.04.2020,172817
01.04.2020,01.04.2020,46634
01.04.2020,01.04.2020,172817
01.04.2020,01.04.2020,906271
01.04.2020,01.04.2020,906271
01.04.2020,01.04.2020,888840
01.04.2020,01.04.2020,814328
01.04.2020,01.04.2020,807316
01.04.2020,01.04.2020,807316
01.04.2020,01.04.2020,807316
01.04.2020,01.04.2020,807316
01.04.2020,01.04.2020,789931
01.04.2020,01.04.2020,789931
01.04.2020,01.04.2020,789931
01.04.2020,01.04.2020,789931
01.04.2020,01.04.2020,789931
01.04.2020,01.04.2020,789931
01.04.2020,01.04.2020,789931
01.04.2020,01.04.2020,789931
01.04.2020,01.04.2020,789931
01.04.2020,01.04.2020,787246
01.04.2020,01.04.2020,179225
01.04.2020,01.04.2020,46634
01.04.2020,01.04.2020,179225
01.04.2020,01.04.2020,46634
01.04.2020,01.04.2020,46634
01.04.2020,01.04.2020,179225
01.04.2020,01.04.2020,46634
01.04.2020,01.04.2020,787246
01.04.2020,01.04.2020,781234
01.04.2020,01.04.2020,778122
01.04.2020,01.04.2020,778122
01.04.2020,01.04.2020,778122
01.04.2020,01.04.2020,761715
01.04.2020,01.04.2020,751135
01.04.2020,01.04.2020,751135
01.04.2020,01.04.2020,751135
01.04.2020,01.04.2020,751135
01.04.2020,01.04.2020,750206
01.04.2020,01.04.2020,750206
01.04.2020,01.04.2020,750206
01.04.2020,01.04.2020,750206
01.04.2020,01.04.2020,750206
01.04.2020,01.04.2020,750206
01.04.2020,01.04.2020,750206
01.04.2020,01.04.2020,750206
01.04.2020,01.04.2020,750206
01.04.2020,01.04.2020,750206
01.04.2020,01.04.2020,750206
01.04.2020,01.04.2020,750206
01.04.2020,01.04.2020,188256
01.04.2020,01.04.2020,32791
01.04.2020,01.04.2020,188256
01.04.2020,01.04.2020,46634
01.04.2020,01.04.2020,188256
01.04.2020,01.04.2020,188511
01.04.2020,01.04.2020,46634
01.04.2020,01.04.2020,188511
01.04.2020,01.04.2020,46634
01.04.2020,01.04.2020,743010
01.04.2020,01.04.2020,743010
01.04.2020,01.04.2020,743010
01.04.2020,01.04.2020,738057
01.04.2020,01.04.2020,738057
01.04.2020,01.04.2020,738057
01.04.2020,01.04.2020,723511
01.04.2020,01.04.2020,723511
01.04.2020,01.04.2020,723511
01.04.2020,01.04.2020,723511
01.04.2020,01.04.2020,190036
01.04.2020,01.04.2020,46634
01.04.2020,01.04.2020,190036
01.04.2020,01.04.2020,190036
01.04.2020,01.04.2020,190036
01.04.2020,01.04.2020,190036
01.04.2020,01.04.2020,46634
01.04.2020,01.04.2020,190036
01.04.2020,01.04.2020,190036
01.04.2020,01.04.2020,46634
01.04.2020,01.04.2020,190036
01.04.2020,01.04.2020,723511
01.04.2020,01.04.2020,192705
01.04.2020,01.04.2020,193900
01.04.2020,01.04.2020,193900
01.04.2020,01.04.2020,193900
01.04.2020,01.04.2020,193900
01.04.2020,01.04.2020,193900
01.04.2020,01.04.2020,193900
01.04.2020,01.04.2020,193900
01.04.2020,01.04.2020,193900
01.04.2020,01.04.2020,193900
01.04.2020,01.04.2020,193900
01.04.2020,01.04.2020,193900
01.04.2020,01.04.2020,193900
01.04.2020,01.04.2020,194516
01.04.2020,01.04.2020,46634
01.04.2020,01.04.2020,194516
01.04.2020,01.04.2020,32791
01.04.2020,01.04.2020,972086
01.04.2020,01.04.2020,46634
01.04.2020,01.04.2020,194516
01.04.2020,01.04.2020,46634
01.04.2020,01.04.2020,46634
01.04.2020,01.04.2020,46634
01.04.2020,01.04.2020,194516
01.04.2020,01.04.2020,46634
01.04.2020,01.04.2020,46634
01.04.2020,01.04.2020,194516
01.04.2020,01.04.2020,46634
01.04.2020,01.04.2020,46634
01.04.2020,01.04.2020,194516
01.04.2020,01.04.2020,194750
01.04.2020,01.04.2020,46634
01.04.2020,01.04.2020,194750
01.04.2020,01.04.2020,194750
01.04.2020,01.04.2020,723511
01.04.2020,01.04.2020,723511
01.04.2020,01.04.2020,723511
01.04.2020,01.04.2020,714860
01.04.2020,01.04.2020,198214
01.04.2020,01.04.2020,46634
01.04.2020,01.04.2020,198214
01.04.2020,01.04.2020,46634
01.04.2020,01.04.2020,714860
01.04.2020,01.04.2020,714860
01.04.2020,01.04.2020,714860
01.04.2020,01.04.2020,714860
01.04.2020,01.04.2020,714860
01.04.2020,01.04.2020,714860
01.04.2020,01.04.2020,46634
01.04.2020,01.04.2020,199291
01.04.2020,01.04.2020,46634
01.04.2020,01.04.2020,199291
01.04.2020,01.04.2020,199291
01.04.2020,01.04.2020,199291
01.04.2020,01.04.2020,46634
01.04.2020,01.04.2020,199291
01.04.2020,01.04.2020,199291
01.04.2020,01.04.2020,46634
01.04.2020,01.04.2020,199291
01.04.2020,01.04.2020,199291
01.04.2020,01.04.2020,199291
01.04.2020,01.04.2020,295811
01.04.2020,01.04.2020,699686
01.04.2020,01.04.2020,699686
01.04.2020,01.04.2020,699686
01.04.2020,01.04.2020,699686
01.04.2020,01.04.2020,699686
01.04.2020,01.04.2020,699686
01.04.2020,01.04.2020,699686
01.04.2020,01.04.2020,699686
01.04.2020,01.04.2020,699686
01.04.2020,01.04.2020,699686
01.04.2020,01.04.2020,699686
01.04.2020,01.04.2020,699686
01.04.2020,01.04.2020,699686
01.04.2020,01.04.2020,699686
01.04.2020,01.04.2020,699686
01.04.2020,01.04.2020,699686
01.04.2020,01.04.2020,699686
01.04.2020,01.04.2020,699686
01.04.2020,01.04.2020,699686
01.04.2020,01.04.2020,699686
01.04.2020,01.04.2020,699686
01.04.2020,01.04.2020,699686
01.04.2020,01.04.2020,699686
01.04.2020,01.04.2020,699686
01.04.2020,01.04.2020,46634
01.04.2020,01.04.2020,410672
01.04.2020,01.04.2020,410672
01.04.2020,01.04.2020,46634
01.04.2020,01.04.2020,410672
01.04.2020,01.04.2020,410672
01.04.2020,01.04.2020,46634
01.04.2020,01.04.2020,410672
01.04.2020,01.04.2020,410672
01.04.2020,01.04.2020,46634
01.04.2020,01.04.2020,410672
01.04.2020,01.04.2020,410672
01.04.2020,01.05.2020,410672
01.04.2020,01.05.2020,423026
01.04.2020,01.05.2020,423026
01.04.2020,01.05.2020,612299
01.04.2020,01.05.2020,707079
01.04.2020,01.05.2020,707079
01.04.2020,01.05.2020,206900
01.04.2020,01.05.2020,206900
01.04.2020,01.05.2020,707079
01.04.2020,01.05.2020,202523
01.04.2020,01.05.2020,202523
01.04.2020,01.05.2020,202523
01.04.2020,01.05.2020,200303
01.04.2020,01.05.2020,200303
01.04.2020,01.05.2020,200303
01.04.2020,01.05.2020,200303
01.04.2020,01.05.2020,200303
01.04.2020,01.05.2020,31709
01.04.2020,01.05.2020,46634
01.04.2020,01.05.2020,46634
01.04.2020,01.05.2020,46634
01.04.2020,01.05.2020,972086
01.04.2020,01.05.2020,723511
01.04.2020,01.05.2020,723511
01.04.2020,01.05.2020,194750
01.04.2020,01.05.2020,46634
01.04.2020,01.05.2020,194750
01.04.2020,01.05.2020,46634
01.04.2020,01.05.2020,194750
01.04.2020,01.05.2020,46634
01.04.2020,01.05.2020,46634
01.04.2020,01.05.2020,194516
01.04.2020,01.05.2020,194516
01.04.2020,01.05.2020,46634
01.04.2020,01.05.2020,194516
01.04.2020,01.05.2020,194516
01.04.2020,01.05.2020,46634
01.04.2020,01.05.2020,194516
01.04.2020,01.05.2020,194516
01.04.2020,01.05.2020,194516
01.04.2020,01.05.2020,194516
01.04.2020,01.05.2020,194516
01.04.2020,01.05.2020,194516
01.04.2020,01.05.2020,46634
01.04.2020,01.05.2020,46634
01.04.2020,01.05.2020,194516
01.04.2020,01.05.2020,194516
01.04.2020,01.05.2020,46634
01.04.2020,01.05.2020,193900
01.04.2020,01.05.2020,193900
01.04.2020,01.05.2020,193900
01.04.2020,01.05.2020,193900
01.04.2020,01.05.2020,190036
01.04.2020,01.05.2020,190036
01.04.2020,01.05.2020,190036
01.04.2020,01.05.2020,32791
01.04.2020,01.05.2020,190036
01.04.2020,01.05.2020,723511
01.04.2020,01.05.2020,723511
01.04.2020,01.05.2020,738057
01.04.2020,01.05.2020,738057
01.04.2020,01.05.2020,738057
01.04.2020,01.05.2020,32791
01.04.2020,01.05.2020,32791
01.04.2020,01.05.2020,46634
01.04.2020,01.05.2020,46634
01.04.2020,01.05.2020,751135
01.04.2020,01.05.2020,751135
01.04.2020,01.05.2020,751135
01.04.2020,01.05.2020,751135
01.04.2020,01.05.2020,751135
01.04.2020,01.05.2020,751135
01.04.2020,01.05.2020,751135
01.04.2020,01.05.2020,751135
01.04.2020,01.05.2020,778122
01.04.2020,01.05.2020,778122
01.04.2020,01.05.2020,778122
01.04.2020,01.05.2020,787246
01.04.2020,01.05.2020,46634
01.04.2020,01.05.2020,32791
01.04.2020,01.05.2020,787246
01.04.2020,01.05.2020,807316
01.04.2020,01.05.2020,807316
01.04.2020,01.05.2020,807316
01.04.2020,01.05.2020,807316
01.04.2020,01.05.2020,807316
01.04.2020,01.05.2020,807316
01.04.2020,01.05.2020,807316
01.04.2020,01.05.2020,807316
01.04.2020,01.05.2020,807316
01.04.2020,01.05.2020,807316
01.04.2020,01.05.2020,807316
01.04.2020,01.05.2020,807316
01.04.2020,01.05.2020,906271
01.04.2020,01.05.2020,32791
01.04.2020,01.05.2020,172404
01.04.2020,01.05.2020,32791
01.04.2020,01.05.2020,172404
01.04.2020,01.05.2020,172404
01.04.2020,01.05.2020,46634
01.04.2020,01.05.2020,906271
01.04.2020,01.05.2020,930288
01.04.2020,01.05.2020,930288
01.04.2020,01.05.2020,46634
01.04.2020,01.05.2020,165952
01.04.2020,01.05.2020,46634
01.04.2020,01.05.2020,32791
01.04.2020,01.05.2020,165952
01.04.2020,01.05.2020,165952
01.04.2020,01.05.2020,32791
01.04.2020,01.05.2020,32791
01.04.2020,01.05.2020,46634
01.04.2020,01.05.2020,165952
01.04.2020,01.05.2020,46634
01.04.2020,01.05.2020,46634
01.04.2020,01.05.2020,165952
01.04.2020,01.05.2020,32791
01.04.2020,01.05.2020,165952
01.04.2020,01.05.2020,32791
01.04.2020,01.05.2020,32791
01.04.2020,01.05.2020,31709
01.04.2020,01.05.2020,46634
01.04.2020,01.05.2020,46634
01.04.2020,01.05.2020,46634
01.04.2020,01.05.2020,104453
01.04.2020,01.05.2020,104453
01.04.2020,01.05.2020,103734
01.04.2020,01.05.2020,103734
01.04.2020,01.05.2020,103734
01.04.2020,01.05.2020,31709
01.04.2020,01.05.2020,103734
01.04.2020,01.05.2020,31709
01.04.2020,01.05.2020,46634
01.04.2020,01.05.2020,103734
01.04.2020,01.05.2020,46634
01.04.2020,01.05.2020,103734
01.04.2020,01.05.2020,46634
01.04.2020,01.05.2020,103734
01.04.2020,01.05.2020,103734
01.04.2020,01.05.2020,103734
01.04.2020,01.05.2020,103734
01.04.2020,01.05.2020,31709
01.04.2020,01.05.2020,103734
01.04.2020,01.05.2020,31709
01.04.2020,01.05.2020,46634
01.04.2020,01.05.2020,103734
01.04.2020,01.05.2020,46634
01.04.2020,01.05.2020,103734
01.04.2020,01.05.2020,46634
01.04.2020,01.05.2020,103734
01.04.2020,01.05.2020,103734
01.04.2020,01.05.2020,103734
01.04.2020,01.05.2020,972086
01.04.2020,01.05.2020,31709
01.04.2020,01.05.2020,31709
01.04.2020,01.05.2020,46634
01.04.2020,01.05.2020,46634
01.04.2020,01.05.2020,46634
01.04.2020,01.05.2020,46634
01.04.2020,01.05.2020,46634
01.04.2020,01.05.2020,46634
01.04.2020,01.05.2020,46634
01.04.2020,01.05.2020,46634
01.04.2020,01.05.2020,46634
01.04.2020,01.05.2020,699686
01.04.2020,01.05.2020,699686
01.04.2020,01.05.2020,652674
01.04.2020,01.05.2020,652674
01.04.2020,01.05.2020,46634
01.04.2020,01.05.2020,699686
01.04.2020,01.05.2020,699686
01.04.2020,01.05.2020,624965
01.04.2020,01.05.2020,624965
01.04.2020,01.05.2020,612299
01.04.2020,01.05.2020,624965
01.04.2020,01.05.2020,699686
01.04.2020,01.05.2020,612299
01.04.2020,01.05.2020,612299
01.04.2020,01.05.2020,612299
01.04.2020,01.05.2020,699686
01.04.2020,01.05.2020,699686
01.04.2020,01.05.2020,699686
01.04.2020,01.05.2020,699686
01.04.2020,01.05.2020,699686
01.04.2020,01.05.2020,699686
01.04.2020,01.05.2020,472067
01.04.2020,01.05.2020,472067
01.04.2020,01.05.2020,46634
01.04.2020,01.05.2020,699686
01.04.2020,01.05.2020,699686
01.04.2020,01.05.2020,699686
01.04.2020,01.05.2020,410672
01.04.2020,01.05.2020,424913
01.04.2020,01.05.2020,699686
01.04.2020,01.05.2020,699686
01.04.2020,01.05.2020,699686
01.04.2020,01.05.2020,699686
01.04.2020,01.05.2020,699686
01.04.2020,01.05.2020,699686
01.04.2020,01.05.2020,707079
01.04.2020,01.05.2020,707079
01.04.2020,01.05.2020,707079
01.04.2020,01.05.2020,707079
01.04.2020,01.05.2020,707079
01.04.2020,01.05.2020,707079
01.04.2020,01.05.2020,707079
01.04.2020,01.05.2020,707079
01.04.2020,01.05.2020,707079
01.04.2020,01.05.2020,707079
01.04.2020,01.05.2020,707079
01.04.2020,01.05.2020,707079
01.04.2020,01.05.2020,707079
01.04.2020,01.05.2020,707079
01.04.2020,01.05.2020,707079
01.04.2020,01.05.2020,707079
01.04.2020,01.05.2020,707079
01.04.2020,01.05.2020,699686
01.04.2020,01.05.2020,699686
01.04.2020,01.05.2020,424913
01.04.2020,01.05.2020,423026
01.04.2020,01.05.2020,410672
01.04.2020,01.05.2020,423026
01.04.2020,01.05.2020,46634
01.04.2020,01.05.2020,423026
01.04.2020,01.05.2020,410672
01.04.2020,01.05.2020,423026
01.04.2020,01.05.2020,423026
01.04.2020,01.05.2020,699686
01.04.2020,01.05.2020,699686
01.04.2020,01.05.2020,423026
01.04.2020,01.06.2020,108227
01.04.2020,01.06.2020,46634
01.04.2020,01.06.2020,46634
01.04.2020,01.06.2020,46634
01.04.2020,01.06.2020,46634
01.04.2020,01.06.2020,46634
01.04.2020,01.06.2020,46634
01.04.2020,01.06.2020,46634
01.04.2020,01.06.2020,46634
01.04.2020,01.06.2020,46634
01.04.2020,01.06.2020,46634
01.04.2020,01.06.2020,46634
01.04.2020,01.06.2020,46634
01.04.2020,01.06.2020,46634
01.04.2020,01.06.2020,46634
01.04.2020,01.06.2020,46634
01.04.2020,01.06.2020,46634
01.04.2020,01.06.2020,46634
01.04.2020,01.06.2020,46634
01.04.2020,01.06.2020,46634
01.04.2020,01.06.2020,46634
01.04.2020,01.06.2020,46634
01.04.2020,01.06.2020,46634
01.04.2020,01.06.2020,46634
01.04.2020,01.06.2020,46634
01.04.2020,01.06.2020,46634
01.04.2020,01.06.2020,46634
01.04.2020,01.06.2020,46634
01.04.2020,01.06.2020,46634
01.04.2020,01.06.2020,46634
01.04.2020,01.06.2020,46634
01.04.2020,01.06.2020,46634
01.04.2020,01.06.2020,46634
01.04.2020,01.06.2020,46634
01.04.2020,01.06.2020,46634
01.04.2020,01.06.2020,46634
01.04.2020,01.06.2020,46634
01.04.2020,01.06.2020,46634
01.04.2020,01.06.2020,46634
01.04.2020,01.06.2020,46634
01.04.2020,01.06.2020,46634
01.04.2020,01.06.2020,46634
01.04.2020,01.06.2020,46634
01.04.2020,01.06.2020,46634
01.04.2020,01.06.2020,46634
01.04.2020,01.06.2020,46634
01.04.2020,01.06.2020,46634
01.04.2020,01.06.2020,46634
01.04.2020,01.06.2020,46634
01.04.2020,01.06.2020,46634
01.04.2020,01.06.2020,46634
01.04.2020,01.06.2020,46634
01.04.2020,01.06.2020,46634
01.04.2020,01.06.2020,46634
01.04.2020,01.06.2020,46634
01.04.2020,01.06.2020,46634
01.04.2020,01.06.2020,46634
01.04.2020,01.06.2020,62915
01.04.2020,01.06.2020,62915
01.04.2020,01.06.2020,103734
01.04.2020,01.06.2020,103734
01.04.2020,01.06.2020,103734
01.04.2020,01.06.2020,103734
01.04.2020,01.06.2020,103734
01.04.2020,01.06.2020,103734
01.04.2020,01.06.2020,103734
01.04.2020,01.06.2020,103734
01.04.2020,01.06.2020,103734
01.04.2020,01.06.2020,103734
01.04.2020,01.06.2020,103734
01.04.2020,01.06.2020,103734
01.04.2020,01.06.2020,103734
01.04.2020,01.06.2020,103734
01.04.2020,01.06.2020,103734
01.04.2020,01.06.2020,103734
01.04.2020,01.06.2020,103734
01.04.2020,01.06.2020,103734
01.04.2020,01.06.2020,103734
01.04.2020,01.06.2020,103734
01.04.2020,01.06.2020,103734
01.04.2020,01.06.2020,103734
01.04.2020,01.06.2020,103734
01.04.2020,01.06.2020,103734
01.04.2020,01.06.2020,103734
01.04.2020,01.06.2020,103734
01.04.2020,01.06.2020,103734
01.04.2020,01.06.2020,103734
01.04.2020,01.06.2020,103734
01.04.2020,01.06.2020,103734
01.04.2020,01.06.2020,103734
01.04.2020,01.06.2020,103734
01.04.2020,01.06.2020,104763
01.04.2020,01.06.2020,104763
01.04.2020,01.06.2020,104763
01.04.2020,01.06.2020,108227
01.04.2020,01.06.2020,163672
01.04.2020,01.06.2020,163672
01.04.2020,01.06.2020,165952
01.04.2020,01.06.2020,165952
01.04.2020,01.06.2020,165952
01.04.2020,01.06.2020,165952
01.04.2020,01.06.2020,165952
01.04.2020,01.06.2020,165952
01.04.2020,01.06.2020,165952
01.04.2020,01.06.2020,165952
01.04.2020,01.06.2020,165952
01.04.2020,01.06.2020,165952
01.04.2020,01.06.2020,165952
01.04.2020,01.06.2020,165952
01.04.2020,01.06.2020,165952
01.04.2020,01.06.2020,165952
01.04.2020,01.06.2020,165952
01.04.2020,01.06.2020,165952
01.04.2020,01.06.2020,165952
01.04.2020,01.06.2020,165952
01.04.2020,01.06.2020,165952
01.04.2020,01.06.2020,165952
01.04.2020,01.06.2020,165952
01.04.2020,01.06.2020,165952
01.04.2020,01.06.2020,165952
01.04.2020,01.06.2020,165952
01.04.2020,01.06.2020,166365
01.04.2020,01.06.2020,166365
01.04.2020,01.06.2020,172404
01.04.2020,01.06.2020,172404
01.04.2020,01.06.2020,172404
01.04.2020,01.06.2020,172817
01.04.2020,01.06.2020,172817
01.04.2020,01.06.2020,172817
01.04.2020,01.06.2020,172817
01.04.2020,01.06.2020,179225
01.04.2020,01.06.2020,179225
01.04.2020,01.06.2020,179225
01.04.2020,01.06.2020,179225
01.04.2020,01.06.2020,179225
01.04.2020,01.06.2020,179225
01.04.2020,01.06.2020,188256
01.04.2020,01.06.2020,188256
01.04.2020,01.06.2020,188256
01.04.2020,01.06.2020,188256
01.04.2020,01.06.2020,188256
01.04.2020,01.06.2020,188256
01.04.2020,01.06.2020,188511
01.04.2020,01.06.2020,188511
01.04.2020,01.06.2020,190036
01.04.2020,01.06.2020,190036
01.04.2020,01.06.2020,190036
01.04.2020,01.06.2020,190036
01.04.2020,01.06.2020,194516
01.04.2020,01.06.2020,194516
01.04.2020,01.06.2020,194516
01.04.2020,01.06.2020,194516
01.04.2020,01.06.2020,194516
01.04.2020,01.06.2020,194516
01.04.2020,01.06.2020,194516
01.04.2020,01.06.2020,194516
01.04.2020,01.06.2020,194516
01.04.2020,01.06.2020,194516
01.04.2020,01.06.2020,194516
01.04.2020,01.06.2020,194516
01.04.2020,01.06.2020,194516
01.04.2020,01.06.2020,194516
01.04.2020,01.06.2020,194516
01.04.2020,01.06.2020,194516
01.04.2020,01.06.2020,194516
01.04.2020,01.06.2020,194516
01.04.2020,01.06.2020,194750
01.04.2020,01.06.2020,194750
01.04.2020,01.06.2020,194750
01.04.2020,01.06.2020,198214
01.04.2020,01.06.2020,198214
01.04.2020,01.06.2020,199291
01.04.2020,01.06.2020,199291
01.04.2020,01.06.2020,199291
01.04.2020,01.06.2020,199291
01.04.2020,01.06.2020,199291
01.04.2020,01.06.2020,199291
01.04.2020,01.06.2020,199291
01.04.2020,01.06.2020,199291
01.04.2020,01.06.2020,199291
01.04.2020,01.06.2020,199291
01.04.2020,01.06.2020,205629
01.04.2020,01.06.2020,205629
01.04.2020,01.06.2020,410672
01.04.2020,01.06.2020,410672
01.04.2020,01.06.2020,410672
01.04.2020,01.06.2020,410672
01.04.2020,01.06.2020,423026
01.04.2020,01.06.2020,423026
01.04.2020,01.06.2020,423026
01.04.2020,01.06.2020,423026
01.04.2020,01.06.2020,460736
01.04.2020,01.06.2020,460736
01.04.2020,01.06.2020,647638
01.04.2020,01.06.2020,647638
01.04.2020,01.06.2020,686779
01.04.2020,01.06.2020,686779
01.04.2020,01.06.2020,686779
01.04.2020,01.06.2020,686779
01.04.2020,01.06.2020,686779
01.04.2020,01.06.2020,686779
01.04.2020,01.06.2020,686779
01.04.2020,01.06.2020,686779
01.04.2020,01.06.2020,695792
01.04.2020,01.06.2020,695792
01.04.2020,01.06.2020,695792
01.04.2020,01.06.2020,695792
01.04.2020,01.06.2020,695792
01.04.2020,01.06.2020,695792
01.04.2020,01.06.2020,695792
01.04.2020,01.06.2020,695792
01.04.2020,01.06.2020,699686
01.04.2020,01.06.2020,699686
01.04.2020,01.06.2020,699686
01.04.2020,01.06.2020,699686
01.04.2020,01.06.2020,699686
01.04.2020,01.06.2020,699686
01.04.2020,01.06.2020,699686
01.04.2020,01.06.2020,699686
01.04.2020,01.06.2020,699686
01.04.2020,01.06.2020,699686
01.04.2020,01.06.2020,699686
01.04.2020,01.06.2020,699686
01.04.2020,01.06.2020,699686
01.04.2020,01.06.2020,699686
01.04.2020,01.06.2020,699686
01.04.2020,01.06.2020,699686
01.04.2020,01.06.2020,699686
01.04.2020,01.06.2020,699686
01.04.2020,01.06.2020,699686
01.04.2020,01.06.2020,699686
01.04.2020,01.06.2020,699686
01.04.2020,01.06.2020,699686
01.04.2020,01.06.2020,699686
01.04.2020,01.06.2020,699686
01.04.2020,01.06.2020,702745
01.04.2020,01.06.2020,702745
01.04.2020,01.06.2020,702745
01.04.2020,01.06.2020,702745
01.04.2020,01.06.2020,702745
01.04.2020,01.06.2020,702745
01.04.2020,01.06.2020,702745
01.04.2020,01.06.2020,702745
01.04.2020,01.06.2020,702745
01.04.2020,01.06.2020,702745
01.04.2020,01.06.2020,702745
01.04.2020,01.06.2020,702745
01.04.2020,01.06.2020,702745
01.04.2020,01.06.2020,702745
01.04.2020,01.06.2020,702745
01.04.2020,01.06.2020,702745
01.04.2020,01.06.2020,702745
01.04.2020,01.06.2020,702745
01.04.2020,01.06.2020,702745
01.04.2020,01.06.2020,702745
01.04.2020,01.06.2020,703228
01.04.2020,01.06.2020,703228
01.04.2020,01.06.2020,703228
01.04.2020,01.06.2020,703228
01.04.2020,01.06.2020,703228
01.04.2020,01.06.2020,703228
01.04.2020,01.06.2020,703228
01.04.2020,01.06.2020,703228
01.04.2020,01.06.2020,703228
01.04.2020,01.06.2020,703228
01.04.2020,01.06.2020,703228
01.04.2020,01.06.2020,703228
01.04.2020,01.06.2020,703228
01.04.2020,01.06.2020,703228
01.04.2020,01.06.2020,703228
01.04.2020,01.06.2020,703228
01.04.2020,01.06.2020,703228
01.04.2020,01.06.2020,703228
01.04.2020,01.06.2020,703228
01.04.2020,01.06.2020,703228
01.04.2020,01.06.2020,703228
01.04.2020,01.06.2020,713383
01.04.2020,01.06.2020,713383
01.04.2020,01.06.2020,713383
01.04.2020,01.06.2020,713383
01.04.2020,01.06.2020,713383
01.04.2020,01.06.2020,713383
01.04.2020,01.06.2020,713383
01.04.2020,01.06.2020,713383
01.04.2020,01.06.2020,714860
01.04.2020,01.06.2020,714860
01.04.2020,01.06.2020,714860
01.04.2020,01.06.2020,714860
01.04.2020,01.06.2020,714860
01.04.2020,01.06.2020,714860
01.04.2020,01.06.2020,714860
01.04.2020,01.06.2020,714860
01.04.2020,01.06.2020,714860
01.04.2020,01.06.2020,714860
01.04.2020,01.06.2020,723511
01.04.2020,01.06.2020,723511
01.04.2020,01.06.2020,723511
01.04.2020,01.06.2020,723511
01.04.2020,01.06.2020,738057
01.04.2020,01.06.2020,738057
01.04.2020,01.06.2020,738057
01.04.2020,01.06.2020,743010
01.04.2020,01.06.2020,743010
01.04.2020,01.06.2020,743010
01.04.2020,01.06.2020,743010
01.04.2020,01.06.2020,743010
01.04.2020,01.06.2020,743010
01.04.2020,01.06.2020,750206
01.04.2020,01.06.2020,750206
01.04.2020,01.06.2020,750206
01.04.2020,01.06.2020,750206
01.04.2020,01.06.2020,751135
01.04.2020,01.06.2020,751135
01.04.2020,01.06.2020,751135
01.04.2020,01.06.2020,751135
01.04.2020,01.06.2020,778122
01.04.2020,01.06.2020,778122
01.04.2020,01.06.2020,778122
01.04.2020,01.06.2020,952084
01.04.2020,01.06.2020,952084
01.04.2020,01.06.2020,952084
01.04.2020,01.06.2020,954037
01.04.2020,01.06.2020,954037
01.04.2020,01.06.2020,958424
01.04.2020,01.06.2020,958424
01.05.2020,01.05.2020,1146019
01.05.2020,01.05.2020,258539
01.05.2020,01.05.2020,1187354
01.05.2020,01.05.2020,258539
01.05.2020,01.05.2020,258539
01.05.2020,01.05.2020,258539
01.05.2020,01.05.2020,258539
01.05.2020,01.05.2020,258539
01.05.2020,01.05.2020,1187468
01.05.2020,01.05.2020,258539
01.05.2020,01.05.2020,1194906
01.05.2020,01.05.2020,1194906
01.05.2020,01.05.2020,1194906
01.05.2020,01.05.2020,218942
01.05.2020,01.05.2020,218942
01.05.2020,01.05.2020,218942
01.05.2020,01.05.2020,1194906
01.05.2020,01.05.2020,218942
01.05.2020,01.05.2020,1194906
01.05.2020,01.05.2020,1194906
01.05.2020,01.05.2020,218942
01.05.2020,01.05.2020,218942
01.05.2020,01.05.2020,1194906
01.05.2020,01.05.2020,218942
01.05.2020,01.05.2020,1194906
01.05.2020,01.05.2020,1194906
01.05.2020,01.05.2020,218942
01.05.2020,01.05.2020,218942
01.05.2020,01.05.2020,218942
01.05.2020,01.05.2020,1194906
01.05.2020,01.05.2020,218942
01.05.2020,01.05.2020,1194906
01.05.2020,01.05.2020,1194906
01.05.2020,01.05.2020,218942
01.05.2020,01.05.2020,218942
01.05.2020,01.05.2020,1194906
01.05.2020,01.05.2020,218942
01.05.2020,01.05.2020,1194906
01.05.2020,01.05.2020,1194906
01.05.2020,01.05.2020,218942
01.05.2020,01.05.2020,218942
01.05.2020,01.05.2020,218942
01.05.2020,01.05.2020,1195755
01.05.2020,01.05.2020,218942
01.05.2020,01.05.2020,1198437
01.05.2020,01.05.2020,1200148
01.05.2020,01.05.2020,212309
01.05.2020,01.05.2020,212309
01.05.2020,01.05.2020,1202071
01.05.2020,01.05.2020,212309
01.05.2020,01.05.2020,1202359
01.05.2020,01.05.2020,1203793
01.05.2020,01.05.2020,705576
01.05.2020,01.05.2020,706197
01.05.2020,01.05.2020,212309
01.05.2020,01.05.2020,212309
01.05.2020,01.05.2020,212309
01.05.2020,01.05.2020,212309
01.05.2020,01.05.2020,212309
01.05.2020,01.05.2020,212309
01.05.2020,01.05.2020,212309
01.05.2020,01.05.2020,212309
01.05.2020,01.05.2020,212309
01.05.2020,01.05.2020,212309
01.05.2020,01.05.2020,212309
01.05.2020,01.05.2020,212309
01.05.2020,01.05.2020,212309
01.05.2020,01.05.2020,210651
01.05.2020,01.05.2020,208572
01.05.2020,01.05.2020,208572
01.05.2020,01.05.2020,208572
01.05.2020,01.05.2020,207697
01.05.2020,01.05.2020,710790
01.05.2020,01.05.2020,711820
01.05.2020,01.05.2020,711820
01.05.2020,01.05.2020,713173
01.05.2020,01.05.2020,713173
01.05.2020,01.05.2020,1205156
01.05.2020,01.05.2020,1212216
01.05.2020,01.05.2020,201890
01.05.2020,01.05.2020,201890
01.05.2020,01.05.2020,1213658
01.05.2020,01.05.2020,1215352
01.05.2020,01.05.2020,201890
01.05.2020,01.05.2020,1218243
01.05.2020,01.05.2020,1221160
01.05.2020,01.05.2020,201890
01.05.2020,01.05.2020,1225035
01.05.2020,01.05.2020,1225035
01.05.2020,01.05.2020,714548
01.05.2020,01.05.2020,201890
01.05.2020,01.05.2020,201890
01.05.2020,01.05.2020,1225035
01.05.2020,01.05.2020,1225035
01.05.2020,01.05.2020,200918
01.05.2020,01.05.2020,1230723
01.05.2020,01.05.2020,1231140
01.05.2020,01.05.2020,200569
01.05.2020,01.05.2020,1234900
01.05.2020,01.05.2020,1236859
01.05.2020,01.05.2020,199029
01.05.2020,01.05.2020,1238771
01.05.2020,01.05.2020,1239321
01.05.2020,01.05.2020,198598
01.05.2020,01.05.2020,1241261
01.05.2020,01.05.2020,1242132
01.05.2020,01.05.2020,715980
01.05.2020,01.05.2020,716464
01.05.2020,01.05.2020,716464
01.05.2020,01.05.2020,720141
01.05.2020,01.05.2020,720141
01.05.2020,01.05.2020,720141
01.05.2020,01.05.2020,720141
01.05.2020,01.05.2020,722099
01.05.2020,01.05.2020,723474
01.05.2020,01.05.2020,723474
01.05.2020,01.05.2020,723474
01.05.2020,01.05.2020,723474
01.05.2020,01.05.2020,723474
01.05.2020,01.05.2020,723474
01.05.2020,01.05.2020,197720
01.05.2020,01.05.2020,1245273
01.05.2020,01.05.2020,197720
01.05.2020,01.05.2020,1245610
01.05.2020,01.05.2020,1246301
01.05.2020,01.05.2020,189565
01.05.2020,01.05.2020,189565
01.05.2020,01.05.2020,1246301
01.05.2020,01.05.2020,189329
01.05.2020,01.05.2020,188838
01.05.2020,01.05.2020,723514
01.05.2020,01.05.2020,723554
01.05.2020,01.05.2020,725672
01.05.2020,01.05.2020,725672
01.05.2020,01.05.2020,725672
01.05.2020,01.05.2020,728064
01.05.2020,01.05.2020,733341
01.05.2020,01.05.2020,733341
01.05.2020,01.05.2020,733341
01.05.2020,01.05.2020,733341
01.05.2020,01.05.2020,736217
01.05.2020,01.05.2020,736863
01.05.2020,01.05.2020,1246301
01.05.2020,01.05.2020,188838
01.05.2020,01.05.2020,1246301
01.05.2020,01.05.2020,1248207
01.05.2020,01.05.2020,188838
01.05.2020,01.05.2020,742205
01.05.2020,01.05.2020,742205
01.05.2020,01.05.2020,1249028
01.05.2020,01.05.2020,1254560
01.05.2020,01.05.2020,1256111
01.05.2020,01.05.2020,1261158
01.05.2020,01.05.2020,1262362
01.05.2020,01.05.2020,1265448
01.05.2020,01.05.2020,188683
01.05.2020,01.05.2020,745875
01.05.2020,01.05.2020,746626
01.05.2020,01.05.2020,185415
01.05.2020,01.05.2020,183842
01.05.2020,01.05.2020,1268542
01.05.2020,01.05.2020,183842
01.05.2020,01.05.2020,183842
01.05.2020,01.05.2020,1271689
01.05.2020,01.05.2020,183842
01.05.2020,01.05.2020,183842
01.05.2020,01.05.2020,1280656
01.05.2020,01.05.2020,183842
01.05.2020,01.05.2020,183842
01.05.2020,01.05.2020,183842
01.05.2020,01.05.2020,1280656
01.05.2020,01.05.2020,183842
01.05.2020,01.05.2020,1280656
01.05.2020,01.05.2020,183842
01.05.2020,01.05.2020,183842
01.05.2020,01.05.2020,1280656
01.05.2020,01.05.2020,183842
01.05.2020,01.05.2020,183842
01.05.2020,01.05.2020,1280739
01.05.2020,01.05.2020,183842
01.05.2020,01.05.2020,183842
01.05.2020,01.05.2020,183842
01.05.2020,01.05.2020,1283506
01.05.2020,01.05.2020,183842
01.05.2020,01.05.2020,183842
01.05.2020,01.05.2020,762242
01.05.2020,01.05.2020,762242
01.05.2020,01.05.2020,762242
01.05.2020,01.05.2020,762242
01.05.2020,01.05.2020,1284767
01.05.2020,01.05.2020,183842
01.05.2020,01.05.2020,183842
01.05.2020,01.05.2020,1286807
01.05.2020,01.05.2020,183321
01.05.2020,01.05.2020,1289483
01.05.2020,01.05.2020,180572
01.05.2020,01.05.2020,179048
01.05.2020,01.05.2020,174327
01.05.2020,01.05.2020,174327
01.05.2020,01.05.2020,174327
01.05.2020,01.05.2020,791728
01.05.2020,01.05.2020,800028
01.05.2020,01.05.2020,800028
01.05.2020,01.05.2020,804830
01.05.2020,01.05.2020,174327
01.05.2020,01.05.2020,174327
01.05.2020,01.05.2020,174327
01.05.2020,01.05.2020,174327
01.05.2020,01.05.2020,174327
01.05.2020,01.05.2020,174327
01.05.2020,01.05.2020,174327
01.05.2020,01.05.2020,174327
01.05.2020,01.05.2020,174327
01.05.2020,01.05.2020,174327
01.05.2020,01.05.2020,824350
01.05.2020,01.05.2020,824350
01.05.2020,01.05.2020,824350
01.05.2020,01.05.2020,824350
01.05.2020,01.05.2020,855474
01.05.2020,01.05.2020,174327
01.05.2020,01.05.2020,898443
01.05.2020,01.05.2020,898443
01.05.2020,01.05.2020,898443
01.05.2020,01.05.2020,898443
01.05.2020,01.05.2020,174327
01.05.2020,01.05.2020,918896
01.05.2020,01.05.2020,918896
01.05.2020,01.05.2020,922206
01.05.2020,01.05.2020,922206
01.05.2020,01.05.2020,169439
01.05.2020,01.05.2020,169324
01.05.2020,01.05.2020,934758
01.05.2020,01.05.2020,934758
01.05.2020,01.05.2020,166530
01.05.2020,01.05.2020,164561
01.05.2020,01.05.2020,164561
01.05.2020,01.05.2020,163996
01.05.2020,01.05.2020,946277
01.05.2020,01.05.2020,946277
01.05.2020,01.05.2020,946277
01.05.2020,01.05.2020,946277
01.05.2020,01.05.2020,946277
01.05.2020,01.05.2020,946277
01.05.2020,01.05.2020,946277
01.05.2020,01.05.2020,946277
01.05.2020,01.05.2020,946277
01.05.2020,01.05.2020,946277
01.05.2020,01.05.2020,946277
01.05.2020,01.05.2020,946277
01.05.2020,01.05.2020,946277
01.05.2020,01.05.2020,946277
01.05.2020,01.05.2020,946277
01.05.2020,01.05.2020,946277
01.05.2020,01.05.2020,946277
01.05.2020,01.05.2020,946277
01.05.2020,01.05.2020,946277
01.05.2020,01.05.2020,946277
01.05.2020,01.05.2020,946277
01.05.2020,01.05.2020,946277
01.05.2020,01.05.2020,946277
01.05.2020,01.05.2020,946277
01.05.2020,01.05.2020,946277
01.05.2020,01.05.2020,946277
01.05.2020,01.05.2020,946277
01.05.2020,01.05.2020,946277
01.05.2020,01.05.2020,946277
01.05.2020,01.05.2020,946277
01.05.2020,01.05.2020,946277
01.05.2020,01.05.2020,946277
01.05.2020,01.05.2020,946277
01.05.2020,01.05.2020,946277
01.05.2020,01.05.2020,946277
01.05.2020,01.05.2020,946277
01.05.2020,01.05.2020,946277
01.05.2020,01.05.2020,946277
01.05.2020,01.05.2020,946277
01.05.2020,01.05.2020,946277
01.05.2020,01.05.2020,946277
01.05.2020,01.05.2020,946277
01.05.2020,01.05.2020,946277
01.05.2020,01.05.2020,946277
01.05.2020,01.05.2020,946277
01.05.2020,01.05.2020,946277
01.05.2020,01.05.2020,946277
01.05.2020,01.05.2020,946277
01.05.2020,01.05.2020,947590
01.05.2020,01.05.2020,1292894
01.05.2020,01.05.2020,1299338
01.05.2020,01.05.2020,1300668
01.05.2020,01.05.2020,24640
01.05.2020,01.05.2020,1301044
01.05.2020,01.05.2020,1301676
01.05.2020,01.05.2020,1303783
01.05.2020,01.05.2020,1311617
01.05.2020,01.05.2020,964054
01.05.2020,01.05.2020,964054
01.05.2020,01.05.2020,964054
01.05.2020,01.05.2020,1002410
01.05.2020,01.05.2020,1002410
01.05.2020,01.05.2020,1002410
01.05.2020,01.05.2020,1022243
01.05.2020,01.05.2020,1022243
01.05.2020,01.05.2020,1042214
01.05.2020,01.05.2020,1042214
01.05.2020,01.05.2020,1044686
01.05.2020,01.05.2020,1044686
01.05.2020,01.05.2020,1044686
01.05.2020,01.05.2020,1050122
01.05.2020,01.05.2020,1050122
01.05.2020,01.05.2020,1063819
01.05.2020,01.05.2020,1068673
01.05.2020,01.05.2020,1068673
01.05.2020,01.05.2020,1080360
01.05.2020,01.05.2020,1080360
01.05.2020,01.05.2020,1080360
01.05.2020,01.05.2020,1080360
01.05.2020,01.05.2020,1080360
01.05.2020,01.05.2020,1080360
01.05.2020,01.05.2020,1080360
01.05.2020,01.05.2020,1080360
01.05.2020,01.05.2020,1080360
01.05.2020,01.05.2020,1080360
01.05.2020,01.05.2020,1080360
01.05.2020,01.05.2020,1080360
01.05.2020,01.05.2020,1080360
01.05.2020,01.05.2020,1080360
01.05.2020,01.05.2020,1080360
01.05.2020,01.05.2020,1080360
01.05.2020,01.05.2020,1089616
01.05.2020,01.05.2020,1089616
01.05.2020,01.05.2020,1096005
01.05.2020,01.05.2020,1096005
01.05.2020,01.05.2020,1096005
01.05.2020,01.05.2020,1096005
01.05.2020,01.05.2020,1097259
01.05.2020,01.05.2020,1097259
01.05.2020,01.05.2020,1097259
01.05.2020,01.05.2020,1097259
01.05.2020,01.05.2020,1104213
01.05.2020,01.05.2020,1104213
01.05.2020,01.05.2020,1104213
01.05.2020,01.05.2020,1104213
01.05.2020,01.05.2020,1110803
01.05.2020,01.05.2020,1110803
01.05.2020,01.05.2020,1110803
01.05.2020,01.05.2020,1110803
01.05.2020,01.05.2020,1110803
01.05.2020,01.05.2020,1110803
01.05.2020,01.05.2020,1110803
01.05.2020,01.05.2020,1110803
01.05.2020,01.05.2020,1110803
01.05.2020,01.05.2020,1113120
01.05.2020,01.05.2020,1120552
01.05.2020,01.05.2020,1120552
01.05.2020,01.05.2020,1120552
01.05.2020,01.05.2020,1120552
01.05.2020,01.05.2020,1122397
01.05.2020,01.05.2020,1122397
01.05.2020,01.05.2020,1122397
01.05.2020,01.05.2020,1122397
01.05.2020,01.05.2020,1122397
01.05.2020,01.05.2020,1122397
01.05.2020,01.05.2020,1122397
01.05.2020,01.05.2020,1122397
01.05.2020,01.05.2020,1122397
01.05.2020,01.05.2020,1122397
01.05.2020,01.05.2020,1128213
01.05.2020,01.05.2020,1128213
01.05.2020,01.05.2020,1128213
01.05.2020,01.05.2020,1128213
01.05.2020,01.05.2020,1128213
01.05.2020,01.05.2020,1128213
01.05.2020,01.05.2020,1128213
01.05.2020,01.05.2020,1128213
01.05.2020,01.05.2020,1128213
01.05.2020,01.05.2020,1129124
01.05.2020,01.05.2020,1129124
01.05.2020,01.05.2020,1129124
01.05.2020,01.05.2020,1129124
01.05.2020,01.05.2020,1129124
01.05.2020,01.05.2020,1129124
01.05.2020,01.05.2020,1129316
01.05.2020,01.05.2020,1130262
01.05.2020,01.05.2020,1130262
01.05.2020,01.05.2020,1133705
01.05.2020,01.05.2020,1133705
01.05.2020,01.05.2020,1133705
01.05.2020,01.05.2020,1133705
01.05.2020,01.05.2020,1134612
01.05.2020,01.05.2020,1134612
01.05.2020,01.05.2020,1135375
01.05.2020,01.05.2020,1135375
01.05.2020,01.05.2020,1135375
01.05.2020,01.05.2020,1135375
01.05.2020,01.05.2020,1135375
01.05.2020,01.05.2020,1135375
01.05.2020,01.05.2020,1135375
01.05.2020,01.05.2020,1135375
01.05.2020,01.05.2020,1135375
01.05.2020,01.05.2020,1136340
01.05.2020,01.05.2020,1136340
01.05.2020,01.05.2020,1136340
01.05.2020,01.05.2020,1136340
01.05.2020,01.05.2020,1136340
01.05.2020,01.05.2020,1136340
01.05.2020,01.05.2020,1136647
01.05.2020,01.05.2020,1136647
01.05.2020,01.05.2020,1136647
01.05.2020,01.05.2020,1136647
01.05.2020,01.05.2020,1139097
01.05.2020,01.05.2020,1139097
01.05.2020,01.05.2020,1141301
01.05.2020,01.05.2020,1141301
01.05.2020,01.05.2020,1141301
01.05.2020,01.05.2020,1141301
01.05.2020,01.05.2020,1141796
01.05.2020,01.05.2020,1141796
01.05.2020,01.05.2020,1141796
01.05.2020,01.05.2020,1141796
01.05.2020,01.05.2020,1142473
01.05.2020,01.05.2020,1142677
01.05.2020,01.05.2020,1142677
01.05.2020,01.05.2020,1143504
01.05.2020,01.05.2020,1143756
01.05.2020,01.05.2020,1143756
01.05.2020,01.05.2020,1145629
01.05.2020,01.05.2020,1145629
01.05.2020,01.05.2020,1146019
01.05.2020,01.05.2020,258539
01.05.2020,01.05.2020,1146019
01.05.2020,01.05.2020,1146019
01.05.2020,01.05.2020,1146019
01.05.2020,01.05.2020,1146019
01.05.2020,01.05.2020,1147474
01.05.2020,01.05.2020,1148148
01.05.2020,01.05.2020,1148148
01.05.2020,01.05.2020,1148148
01.05.2020,01.05.2020,1149855
01.05.2020,01.05.2020,1150335
01.05.2020,01.05.2020,1150335
01.05.2020,01.05.2020,1150335
01.05.2020,01.05.2020,1150335
01.05.2020,01.05.2020,1150335
01.05.2020,01.05.2020,1150335
01.05.2020,01.05.2020,1150335
01.05.2020,01.05.2020,1150335
01.05.2020,01.05.2020,1150335
01.05.2020,01.05.2020,1150335
01.05.2020,01.05.2020,1150335
01.05.2020,01.05.2020,1150335
01.05.2020,01.05.2020,1152560
01.05.2020,01.05.2020,1152560
01.05.2020,01.05.2020,1153907
01.05.2020,01.05.2020,1153907
01.05.2020,01.05.2020,1156215
01.05.2020,01.05.2020,1157853
01.05.2020,01.05.2020,1161229
01.05.2020,01.05.2020,1161846
01.05.2020,01.05.2020,1164748
01.05.2020,01.05.2020,1165509
01.05.2020,01.05.2020,1165509
01.05.2020,01.05.2020,1165509
01.05.2020,01.05.2020,1165509
01.05.2020,01.05.2020,1165509
01.05.2020,01.05.2020,1165509
01.05.2020,01.05.2020,1167860
01.05.2020,01.05.2020,695619
01.05.2020,01.05.2020,1174425
01.05.2020,01.05.2020,695619
01.05.2020,01.05.2020,1174425
01.05.2020,01.05.2020,696660
01.05.2020,01.05.2020,689111
01.05.2020,01.05.2020,688779
01.05.2020,01.05.2020,688779
01.05.2020,01.05.2020,1175731
01.05.2020,01.05.2020,688491
01.05.2020,01.05.2020,686620
01.05.2020,01.05.2020,668405
01.05.2020,01.05.2020,1176168
01.05.2020,01.05.2020,650351
01.05.2020,01.05.2020,645698
01.05.2020,01.05.2020,645698
01.05.2020,01.05.2020,645698
01.05.2020,01.05.2020,1176516
01.05.2020,01.05.2020,645698
01.05.2020,01.05.2020,638611
01.05.2020,01.05.2020,638611
01.05.2020,01.05.2020,638611
01.05.2020,01.05.2020,1177465
01.05.2020,01.05.2020,638611
01.05.2020,01.05.2020,633981
01.05.2020,01.05.2020,622137
01.05.2020,01.05.2020,1178570
01.05.2020,01.05.2020,582059
01.05.2020,01.05.2020,1179263
01.05.2020,01.05.2020,556205
01.05.2020,01.05.2020,1180198
01.05.2020,01.05.2020,480464
01.05.2020,01.05.2020,480464
01.05.2020,01.05.2020,1180420
01.05.2020,01.05.2020,480464
01.05.2020,01.05.2020,1181756
01.05.2020,01.05.2020,1181909
01.05.2020,01.05.2020,1182591
01.05.2020,01.05.2020,1183761
01.05.2020,01.05.2020,1184284
01.05.2020,01.05.2020,371317
01.05.2020,01.05.2020,366175
01.05.2020,01.05.2020,366175
01.05.2020,01.05.2020,1185459
01.05.2020,01.05.2020,366175
01.05.2020,01.05.2020,366175
01.05.2020,01.05.2020,366175
01.05.2020,01.05.2020,366175
01.05.2020,01.05.2020,366175
01.05.2020,01.05.2020,1185459
01.05.2020,01.05.2020,366175
01.05.2020,01.05.2020,366175
01.05.2020,01.05.2020,358152
01.05.2020,01.05.2020,358152
01.05.2020,01.05.2020,358152
01.05.2020,01.05.2020,1185459
01.05.2020,01.05.2020,358152
01.05.2020,01.05.2020,335981
01.05.2020,01.05.2020,1185459
01.05.2020,01.05.2020,279335
01.05.2020,01.05.2020,258539
01.05.2020,01.05.2020,246508
01.05.2020,01.05.2020,1191266
01.05.2020,01.05.2020,218942
01.05.2020,01.05.2020,218942
01.05.2020,01.05.2020,218942
01.05.2020,01.05.2020,218942
01.05.2020,01.05.2020,218942
01.05.2020,01.05.2020,1191324
01.05.2020,01.05.2020,218942
01.05.2020,01.05.2020,218942
01.05.2020,01.05.2020,218942
01.05.2020,01.05.2020,218942
01.05.2020,01.05.2020,1193933
01.05.2020,01.05.2020,218942
01.05.2020,01.05.2020,218942
01.05.2020,01.05.2020,218942
01.05.2020,01.05.2020,218942
01.05.2020,01.05.2020,1194906
01.05.2020,01.05.2020,218942
01.05.2020,01.05.2020,218942
01.05.2020,01.05.2020,218942
01.05.2020,01.05.2020,218942
01.05.2020,01.05.2020,700963
01.05.2020,01.05.2020,700963
01.05.2020,01.05.2020,700963
01.05.2020,01.05.2020,700963
01.05.2020,01.05.2020,218942
01.05.2020,01.05.2020,1194906
01.05.2020,01.05.2020,1194906
01.05.2020,01.05.2020,1194906
01.05.2020,01.05.2020,1194906
01.05.2020,01.05.2020,1194906
01.05.2020,01.05.2020,1194906
01.05.2020,01.05.2020,1194906
01.05.2020,01.05.2020,1194906
01.05.2020,01.05.2020,218942
01.05.2020,01.05.2020,1194906
01.05.2020,01.05.2020,1194906
01.05.2020,01.05.2020,1194906
01.05.2020,01.05.2020,1194906
01.05.2020,01.05.2020,218942
01.05.2020,01.05.2020,1194906
01.05.2020,01.05.2020,1194906
01.05.2020,01.05.2020,1194906
01.05.2020,01.05.2020,1194906
01.05.2020,01.05.2020,218942
01.05.2020,01.05.2020,1194906
01.05.2020,01.05.2020,1194906
01.05.2020,01.05.2020,1194906
01.05.2020,01.05.2020,1194906
01.05.2020,01.05.2020,218942
01.05.2020,01.05.2020,218942
01.05.2020,01.05.2020,218942
01.05.2020,01.06.2020,183842
01.05.2020,01.06.2020,716464
01.05.2020,01.06.2020,1165509
01.05.2020,01.06.2020,1129124
01.05.2020,01.06.2020,700963
01.05.2020,01.06.2020,716464
01.05.2020,01.06.2020,1130262
01.05.2020,01.06.2020,1165509
01.05.2020,01.06.2020,183842
01.05.2020,01.06.2020,1130262
01.05.2020,01.06.2020,208572
01.05.2020,01.06.2020,208572
01.05.2020,01.06.2020,700963
01.05.2020,01.06.2020,208572
01.05.2020,01.06.2020,183842
01.05.2020,01.06.2020,208572
01.05.2020,01.06.2020,964054
01.05.2020,01.06.2020,700963
01.05.2020,01.06.2020,1134612
01.05.2020,01.06.2020,700963
01.05.2020,01.06.2020,1134612
01.05.2020,01.06.2020,183842
01.05.2020,01.06.2020,700963
01.05.2020,01.06.2020,964054
01.05.2020,01.06.2020,700963
01.05.2020,01.06.2020,700963
01.05.2020,01.06.2020,1042214
01.05.2020,01.06.2020,700963
01.05.2020,01.06.2020,480464
01.05.2020,01.06.2020,711820
01.05.2020,01.06.2020,1042214
01.05.2020,01.06.2020,723474
01.05.2020,01.06.2020,711820
01.05.2020,01.06.2020,713173
01.05.2020,01.06.2020,723474
01.05.2020,01.06.2020,218942
01.05.2020,01.06.2020,713173
01.05.2020,01.06.2020,723474
01.05.2020,01.06.2020,1150335
01.05.2020,01.06.2020,1122397
01.05.2020,01.06.2020,197720
01.05.2020,01.06.2020,1122397
01.05.2020,01.06.2020,1150335
01.05.2020,01.06.2020,1002410
01.05.2020,01.06.2020,700963
01.05.2020,01.06.2020,1002410
01.05.2020,01.06.2020,189565
01.05.2020,01.06.2020,1122397
01.05.2020,01.06.2020,1002410
01.05.2020,01.06.2020,1136340
01.05.2020,01.06.2020,174327
01.05.2020,01.06.2020,189565
01.05.2020,01.06.2020,1122397
01.05.2020,01.06.2020,174327
01.05.2020,01.06.2020,1136340
01.05.2020,01.06.2020,1122397
01.05.2020,01.06.2020,800028
01.05.2020,01.06.2020,700963
01.05.2020,01.06.2020,800028
01.05.2020,01.06.2020,1122397
01.05.2020,01.06.2020,1136340
01.05.2020,01.06.2020,1152560
01.05.2020,01.06.2020,174327
01.05.2020,01.06.2020,1122397
01.05.2020,01.06.2020,725672
01.05.2020,01.06.2020,174327
01.05.2020,01.06.2020,725672
01.05.2020,01.06.2020,174327
01.05.2020,01.06.2020,1122397
01.05.2020,01.06.2020,480464
01.05.2020,01.06.2020,174327
01.05.2020,01.06.2020,1139097
01.05.2020,01.06.2020,174327
01.05.2020,01.06.2020,695619
01.05.2020,01.06.2020,1139097
01.05.2020,01.06.2020,174327
01.05.2020,01.06.2020,725672
01.05.2020,01.06.2020,174327
01.05.2020,01.06.2020,725672
01.05.2020,01.06.2020,1002410
01.05.2020,01.06.2020,725672
01.05.2020,01.06.2020,725672
01.05.2020,01.06.2020,1122397
01.05.2020,01.06.2020,1174425
01.05.2020,01.06.2020,480464
01.05.2020,01.06.2020,695619
01.05.2020,01.06.2020,201890
01.05.2020,01.06.2020,1152560
01.05.2020,01.06.2020,1002410
01.05.2020,01.06.2020,1150335
01.05.2020,01.06.2020,1002410
01.05.2020,01.06.2020,1141796
01.05.2020,01.06.2020,201890
01.05.2020,01.06.2020,1089616
01.05.2020,01.06.2020,700963
01.05.2020,01.06.2020,1089616
01.05.2020,01.06.2020,964054
01.05.2020,01.06.2020,1141796
01.05.2020,01.06.2020,1141796
01.05.2020,01.06.2020,1141796
01.05.2020,01.06.2020,1174425
01.05.2020,01.06.2020,1141796
01.05.2020,01.06.2020,174327
01.05.2020,01.06.2020,1122397
01.05.2020,01.06.2020,1122397
01.05.2020,01.06.2020,1153907
01.05.2020,01.06.2020,1122397
01.05.2020,01.06.2020,1141796
01.05.2020,01.06.2020,918896
01.05.2020,01.06.2020,1141796
01.05.2020,01.06.2020,918896
01.05.2020,01.06.2020,922206
01.05.2020,01.06.2020,218942
01.05.2020,01.06.2020,922206
01.05.2020,01.06.2020,1141796
01.05.2020,01.06.2020,1153907
01.05.2020,01.06.2020,201890
01.05.2020,01.06.2020,1141796
01.05.2020,01.06.2020,1141796
01.05.2020,01.06.2020,480464
01.05.2020,01.06.2020,934758
01.05.2020,01.06.2020,1141796
01.05.2020,01.06.2020,934758
01.05.2020,01.06.2020,700963
01.05.2020,01.06.2020,1122397
01.05.2020,01.06.2020,188838
01.05.2020,01.06.2020,1141796
01.05.2020,01.06.2020,1122397
01.05.2020,01.06.2020,188838
01.05.2020,01.06.2020,164561
01.05.2020,01.06.2020,218942
01.05.2020,01.06.2020,164561
01.05.2020,01.06.2020,1122397
01.05.2020,01.06.2020,188838
01.05.2020,01.06.2020,1142677
01.05.2020,01.06.2020,188838
01.05.2020,01.06.2020,1044686
01.05.2020,01.06.2020,1142677
01.05.2020,01.06.2020,946277
01.05.2020,01.06.2020,946277
01.05.2020,01.06.2020,1044686
01.05.2020,01.06.2020,964054
01.05.2020,01.06.2020,742205
01.05.2020,01.06.2020,480464
01.05.2020,01.06.2020,1143756
01.05.2020,01.06.2020,688779
01.05.2020,01.06.2020,946277
01.05.2020,01.06.2020,946277
01.05.2020,01.06.2020,1143756
01.05.2020,01.06.2020,480464
01.05.2020,01.06.2020,1145629
01.05.2020,01.06.2020,688779
01.05.2020,01.06.2020,1145629
01.05.2020,01.06.2020,1146019
01.05.2020,01.06.2020,946277
01.05.2020,01.06.2020,946277
01.05.2020,01.06.2020,1044686
01.05.2020,01.06.2020,742205
01.05.2020,01.06.2020,1146019
01.05.2020,01.06.2020,1044686
01.05.2020,01.06.2020,1150335
01.05.2020,01.06.2020,1146019
01.05.2020,01.06.2020,946277
01.05.2020,01.06.2020,946277
01.05.2020,01.06.2020,188838
01.05.2020,01.06.2020,1044686
01.05.2020,01.06.2020,1044686
01.05.2020,01.06.2020,188838
01.05.2020,01.06.2020,1050122
01.05.2020,01.06.2020,218942
01.05.2020,01.06.2020,946277
01.05.2020,01.06.2020,946277
01.05.2020,01.06.2020,1050122
01.05.2020,01.06.2020,964054
01.05.2020,01.06.2020,964054
01.05.2020,01.06.2020,218942
01.05.2020,01.06.2020,1022243
01.05.2020,01.06.2020,218942
01.05.2020,01.06.2020,946277
01.05.2020,01.06.2020,946277
01.05.2020,01.06.2020,1148148
01.05.2020,01.06.2020,1022243
01.05.2020,01.06.2020,1148148
01.05.2020,01.06.2020,1148148
01.05.2020,01.06.2020,197720
01.05.2020,01.06.2020,1148148
01.05.2020,01.06.2020,946277
01.05.2020,01.06.2020,946277
01.05.2020,01.06.2020,1148148
01.05.2020,01.06.2020,1068673
01.05.2020,01.06.2020,1148148
01.05.2020,01.06.2020,218942
01.05.2020,01.06.2020,1068673
01.05.2020,01.06.2020,183842
01.05.2020,01.06.2020,946277
01.05.2020,01.06.2020,946277
01.05.2020,01.06.2020,208572
01.05.2020,01.06.2020,1129124
01.05.2020,01.06.2020,1165509
01.05.2020,01.06.2020,208572
01.05.2020,01.06.2020,1129124
01.06.2020,01.06.2020,185019
01.06.2020,01.06.2020,1128867
01.06.2020,01.06.2020,1165095
01.06.2020,01.06.2020,1165402
01.06.2020,01.06.2020,554711
01.06.2020,01.06.2020,552146
01.06.2020,01.06.2020,551785
01.06.2020,01.06.2020,543982
01.06.2020,01.06.2020,1130587
01.06.2020,01.06.2020,1132406
01.06.2020,01.06.2020,1133615
01.06.2020,01.06.2020,409101
01.06.2020,01.06.2020,406864
01.06.2020,01.06.2020,1165762
01.06.2020,01.06.2020,1165956
01.06.2020,01.06.2020,1166080
01.06.2020,01.06.2020,755113
01.06.2020,01.06.2020,755113
01.06.2020,01.06.2020,755113
01.06.2020,01.06.2020,755113
01.06.2020,01.06.2020,1166712
01.06.2020,01.06.2020,1167134
01.06.2020,01.06.2020,1168862
01.06.2020,01.06.2020,1169115
01.06.2020,01.06.2020,1170693
01.06.2020,01.06.2020,1171646
01.06.2020,01.06.2020,1171646
01.06.2020,01.06.2020,1171646
01.06.2020,01.06.2020,1171646
01.06.2020,01.06.2020,182947
01.06.2020,01.06.2020,1135882
01.06.2020,01.06.2020,182106
01.06.2020,01.06.2020,182106
01.06.2020,01.06.2020,182106
01.06.2020,01.06.2020,182106
01.06.2020,01.06.2020,1171772
01.06.2020,01.06.2020,1172373
01.06.2020,01.06.2020,176574
01.06.2020,01.06.2020,176574
01.06.2020,01.06.2020,176574
01.06.2020,01.06.2020,176574
01.06.2020,01.06.2020,175024
01.06.2020,01.06.2020,1172949
01.06.2020,01.06.2020,1173706
01.06.2020,01.06.2020,1173720
01.06.2020,01.06.2020,1174018
01.06.2020,01.06.2020,803602
01.06.2020,01.06.2020,1174018
01.06.2020,01.06.2020,1174018
01.06.2020,01.06.2020,1174018
01.06.2020,01.06.2020,1174394
01.06.2020,01.06.2020,1136700
01.06.2020,01.06.2020,1141253
01.06.2020,01.06.2020,819743
01.06.2020,01.06.2020,819743
01.06.2020,01.06.2020,819743
01.06.2020,01.06.2020,819743
01.06.2020,01.06.2020,406864
01.06.2020,01.06.2020,843953
01.06.2020,01.06.2020,849586
01.06.2020,01.06.2020,849586
01.06.2020,01.06.2020,849586
01.06.2020,01.06.2020,849586
01.06.2020,01.06.2020,288994
01.06.2020,01.06.2020,889896
01.06.2020,01.06.2020,889896
01.06.2020,01.06.2020,889896
01.06.2020,01.06.2020,889896
01.06.2020,01.06.2020,173950
01.06.2020,01.06.2020,170131
01.06.2020,01.06.2020,169469
01.06.2020,01.06.2020,169469
01.06.2020,01.06.2020,694260
01.06.2020,01.06.2020,169469
01.06.2020,01.06.2020,169469
01.06.2020,01.06.2020,168059
01.06.2020,01.06.2020,167018
01.06.2020,01.06.2020,942420
01.06.2020,01.06.2020,165424
01.06.2020,01.06.2020,697727
01.06.2020,01.06.2020,406864
01.06.2020,01.06.2020,164543
01.06.2020,01.06.2020,164313
01.06.2020,01.06.2020,163426
01.06.2020,01.06.2020,1175355
01.06.2020,01.06.2020,1142817
01.06.2020,01.06.2020,1143278
01.06.2020,01.06.2020,689037
01.06.2020,01.06.2020,446302
01.06.2020,01.06.2020,406864
01.06.2020,01.06.2020,432638
01.06.2020,01.06.2020,683916
01.06.2020,01.06.2020,683427
01.06.2020,01.06.2020,432638
01.06.2020,01.06.2020,1146327
01.06.2020,01.06.2020,1146327
01.06.2020,01.06.2020,1146327
01.06.2020,01.06.2020,1146327
01.06.2020,01.06.2020,1146838
01.06.2020,01.06.2020,1146891
01.06.2020,01.06.2020,1146942
01.06.2020,01.06.2020,432638
01.06.2020,01.06.2020,1147661
01.06.2020,01.06.2020,1148044
01.06.2020,01.06.2020,432638
01.06.2020,01.06.2020,646324
01.06.2020,01.06.2020,432638
01.06.2020,01.06.2020,1148316
01.06.2020,01.06.2020,1148544
01.06.2020,01.06.2020,1148580
01.06.2020,01.06.2020,1149447
01.06.2020,01.06.2020,1149507
01.06.2020,01.06.2020,1149507
01.06.2020,01.06.2020,1149507
01.06.2020,01.06.2020,248390
01.06.2020,01.06.2020,1149507
01.06.2020,01.06.2020,1149570
01.06.2020,01.06.2020,225670
01.06.2020,01.06.2020,161848
01.06.2020,01.06.2020,161848
01.06.2020,01.06.2020,1149776
01.06.2020,01.06.2020,161848
01.06.2020,01.06.2020,161848
01.06.2020,01.06.2020,286646
01.06.2020,01.06.2020,126315
01.06.2020,01.06.2020,1150191
01.06.2020,01.06.2020,432638
01.06.2020,01.06.2020,105817
01.06.2020,01.06.2020,105392
01.06.2020,01.06.2020,105392
01.06.2020,01.06.2020,105392
01.06.2020,01.06.2020,432638
01.06.2020,01.06.2020,105392
01.06.2020,01.06.2020,432638
01.06.2020,01.06.2020,962975
01.06.2020,01.06.2020,639639
01.06.2020,01.06.2020,702327
01.06.2020,01.06.2020,432638
01.06.2020,01.06.2020,86190
01.06.2020,01.06.2020,73589
01.06.2020,01.06.2020,38431
01.06.2020,01.06.2020,30120
01.06.2020,01.06.2020,991023
01.06.2020,01.06.2020,991345
01.06.2020,01.06.2020,991345
01.06.2020,01.06.2020,991345
01.06.2020,01.06.2020,991345
01.06.2020,01.06.2020,991345
01.06.2020,01.06.2020,991345
01.06.2020,01.06.2020,991345
01.06.2020,01.06.2020,991345
01.06.2020,01.06.2020,991345
01.06.2020,01.06.2020,1001106
01.06.2020,01.06.2020,409101
01.06.2020,01.06.2020,263029
01.06.2020,01.06.2020,1005499
01.06.2020,01.06.2020,1005953
01.06.2020,01.06.2020,1005953
01.06.2020,01.06.2020,1005953
01.06.2020,01.06.2020,1005953
01.06.2020,01.06.2020,1011736
01.06.2020,01.06.2020,1011736
01.06.2020,01.06.2020,1011736
01.06.2020,01.06.2020,1011736
01.06.2020,01.06.2020,1017912
01.06.2020,01.06.2020,409101
01.06.2020,01.06.2020,409101
01.06.2020,01.06.2020,1033139
01.06.2020,01.06.2020,1033139
01.06.2020,01.06.2020,1033139
01.06.2020,01.06.2020,1033139
01.06.2020,01.06.2020,1040941
01.06.2020,01.06.2020,1040941
01.06.2020,01.06.2020,1040941
01.06.2020,01.06.2020,1040941
01.06.2020,01.06.2020,409101
01.06.2020,01.06.2020,1042604
01.06.2020,01.06.2020,1042604
01.06.2020,01.06.2020,1042604
01.06.2020,01.06.2020,1042604
01.06.2020,01.06.2020,1042604
01.06.2020,01.06.2020,1042604
01.06.2020,01.06.2020,1042604
01.06.2020,01.06.2020,1042604
01.06.2020,01.06.2020,1042604
01.06.2020,01.06.2020,1044229
01.06.2020,01.06.2020,1044229
01.06.2020,01.06.2020,216811
01.06.2020,01.06.2020,1044229
01.06.2020,01.06.2020,1044229
01.06.2020,01.06.2020,409101
01.06.2020,01.06.2020,618103
01.06.2020,01.06.2020,1150767
01.06.2020,01.06.2020,1151072
01.06.2020,01.06.2020,1151536
01.06.2020,01.06.2020,1061196
01.06.2020,01.06.2020,1061196
01.06.2020,01.06.2020,1061196
01.06.2020,01.06.2020,1061196
01.06.2020,01.06.2020,1151541
01.06.2020,01.06.2020,1152094
01.06.2020,01.06.2020,1152422
01.06.2020,01.06.2020,1069160
01.06.2020,01.06.2020,1152422
01.06.2020,01.06.2020,205372
01.06.2020,01.06.2020,707598
01.06.2020,01.06.2020,707598
01.06.2020,01.06.2020,707598
01.06.2020,01.06.2020,707598
01.06.2020,01.06.2020,708619
01.06.2020,01.06.2020,1152422
01.06.2020,01.06.2020,1152422
01.06.2020,01.06.2020,1152422
01.06.2020,01.06.2020,1152422
01.06.2020,01.06.2020,1152422
01.06.2020,01.06.2020,204360
01.06.2020,01.06.2020,202878
01.06.2020,01.06.2020,1152422
01.06.2020,01.06.2020,1152422
01.06.2020,01.06.2020,1152558
01.06.2020,01.06.2020,612147
01.06.2020,01.06.2020,409101
01.06.2020,01.06.2020,1152962
01.06.2020,01.06.2020,1153723
01.06.2020,01.06.2020,1153723
01.06.2020,01.06.2020,1153723
01.06.2020,01.06.2020,1153723
01.06.2020,01.06.2020,612147
01.06.2020,01.06.2020,201685
01.06.2020,01.06.2020,612147
01.06.2020,01.06.2020,1154062
01.06.2020,01.06.2020,1154195
01.06.2020,01.06.2020,200633
01.06.2020,01.06.2020,1154195
01.06.2020,01.06.2020,200350
01.06.2020,01.06.2020,1154195
01.06.2020,01.06.2020,1097771
01.06.2020,01.06.2020,1154195
01.06.2020,01.06.2020,198674
01.06.2020,01.06.2020,198674
01.06.2020,01.06.2020,1154841
01.06.2020,01.06.2020,1154841
01.06.2020,01.06.2020,198674
01.06.2020,01.06.2020,198674
01.06.2020,01.06.2020,1154841
01.06.2020,01.06.2020,1107584
01.06.2020,01.06.2020,1110229
01.06.2020,01.06.2020,715127
01.06.2020,01.06.2020,715127
01.06.2020,01.06.2020,715127
01.06.2020,01.06.2020,715127
01.06.2020,01.06.2020,1154841
01.06.2020,01.06.2020,1154988
01.06.2020,01.06.2020,1155006
01.06.2020,01.06.2020,716596
01.06.2020,01.06.2020,719018
01.06.2020,01.06.2020,719183
01.06.2020,01.06.2020,719183
01.06.2020,01.06.2020,719183
01.06.2020,01.06.2020,719183
01.06.2020,01.06.2020,719307
01.06.2020,01.06.2020,1155326
01.06.2020,01.06.2020,612147
01.06.2020,01.06.2020,1156222
01.06.2020,01.06.2020,1156266
01.06.2020,01.06.2020,721077
01.06.2020,01.06.2020,1157429
01.06.2020,01.06.2020,1157527
01.06.2020,01.06.2020,320957
01.06.2020,01.06.2020,1158361
01.06.2020,01.06.2020,1158898
01.06.2020,01.06.2020,1159251
01.06.2020,01.06.2020,1159490
01.06.2020,01.06.2020,580744
01.06.2020,01.06.2020,197534
01.06.2020,01.06.2020,1161557
01.06.2020,01.06.2020,196027
01.06.2020,01.06.2020,191534
01.06.2020,01.06.2020,409101
01.06.2020,01.06.2020,1162544
01.06.2020,01.06.2020,1162656
01.06.2020,01.06.2020,1162656
01.06.2020,01.06.2020,1162656
01.06.2020,01.06.2020,732295
01.06.2020,01.06.2020,732295
01.06.2020,01.06.2020,732295
01.06.2020,01.06.2020,732295
01.06.2020,01.06.2020,732295
01.06.2020,01.06.2020,732295
01.06.2020,01.06.2020,732295
01.06.2020,01.06.2020,732295
01.06.2020,01.06.2020,732295
01.06.2020,01.06.2020,1162656
01.06.2020,01.06.2020,733356
01.06.2020,01.06.2020,1162817
01.06.2020,01.06.2020,736637
01.06.2020,01.06.2020,736721
01.06.2020,01.06.2020,1162817
01.06.2020,01.06.2020,1123859
01.06.2020,01.06.2020,1124415
01.06.2020,01.06.2020,1124415
01.06.2020,01.06.2020,1124415
01.06.2020,01.06.2020,1124415
01.06.2020,01.06.2020,1162817
01.06.2020,01.06.2020,1162817
01.06.2020,01.06.2020,1163446
01.06.2020,01.06.2020,1163446
01.06.2020,01.06.2020,1163446
01.06.2020,01.06.2020,1163446
01.06.2020,01.06.2020,743288
01.06.2020,01.06.2020,745133
01.06.2020,01.06.2020,745635
01.06.2020,01.06.2020,745847
01.06.2020,01.06.2020,1164250
01.06.2020,01.06.2020,409101
01.06.2020,01.06.2020,1164838